Purple Book Monthly Historical Data Changes Report - November 2025,,,,,,,,,,,,,,,,,,,,,,,,
,,,,,,,,,,,,,,,,,,,,,,,,
Newly Approved Products (N)  / Products Added in Current Release (R) / Updated Products (U),,,,,,,,,,,,,,,,,,,,,,,,
N/R/U,Applicant,BLA Number,Proprietary Name,Proper Name,BLA Type,Strength,Dosage Form,Route of Administration,Product Presentation,Marketing Status,Licensure,Approval Date,Ref. Product Proper Name,Ref. Product Proprietary Name,Supplement Number,Submission Type,License Number,Product Number,Center,Date of First Licensure,Exclusivity Expiration Date,First Interchangeable Exclusivity Exp. Date,Ref. Product Exclusivity Exp. Date,Orphan Exclusivity Exp. Date
U,ID Biomedical Corporation of Quebec,125163,"Flulaval, Flulaval Quadrivalent",Influenza Vaccine,351(a),60UG/.5ML,Injection,Intramuscular,Pre-Filled Syringe,Disc,Licensed,27-Sep-13, ,N/A,279,Supplement,1739,5,CBER,,,,,
U,Dendreon Pharmaceuticals LLC,125197,Provenge,sipuleucel-T,351(a),50 M CD54 + ACTIVATED CELLS/250 ML,Injection,Intravenous,Bag,Rx,Licensed,29-Apr-10, ,N/A,0,Original,1749,1,CBER,,,,,
N,"Janssen Biotech, Inc.",761061,Tremfya,guselkumab,351(a),100MG/ML,Injection ,Subcutaneous,Autoinjector,Rx,Licensed,25-Mar-25,N/A,N/A,27,Supplement,1864,6,CDER,,,,,
N,Lupin Limited (Biotech Division),761212,Armlupeg,pegfilgrastim-unne,351(k) Biosimilar,6MG/0.6ML,Injection ,Subcutaneous,Pre-Filled Syringe,Rx,Licensed,28-Nov-25,pegfilgrastim,Neulasta,,Original,2052,1,CDER,,,,,
N,"CELLTRION, Inc.",761377,Eydenzelt,aflibercept-boav,351(k) Biosimilar,2MG/0.05ML,Injection ,Intravitreal,Single-Dose Vial,Rx,Licensed,2-Oct-25,aflibercept,Eylea,,Original,1996,1,CDER,,,,,
N,"CELLTRION, Inc.",761377,Eydenzelt,aflibercept-boav,351(k) Biosimilar,2MG/0.05ML,Injection ,Intravitreal,Pre-Filled Syringe,Rx,Licensed,2-Oct-25,aflibercept,Eylea,,Original,1996,2,CDER,,,,,
N,Bristol-Myers Squibb Company,761381,Opdivo Qvantig,nivolumab and hyaluronidase-nvhy,351(a),"300MG/2.5ML;5,000UNITS/2.5ML (120MG/2,000UNITS/ML)",Injection ,Subcutaneous,Single-Dose Vial,Rx,Licensed,24-Nov-25,N/A,N/A,5,Supplement,1713,2,CDER,,,,,
U,"Samsung Bioepis Co., Ltd.",761392,Ospomyv,denosumab-dssb,351(k) Interchangeable,60MG/ML,Injection ,Subcutaneous,Pre-Filled Syringe,Rx,Licensed,13-Feb-25,denosumab,Prolia,,Original,2046,1,CDER,,,,,
U,"Samsung Bioepis Co., Ltd.",761392,Xbryk,denosumab-dssb,351(k) Interchangeable,120MG/1.7ML (70MG/ML),Injection ,Subcutaneous,Single-Dose Vial,Rx,Licensed,13-Feb-25,denosumab,Xgeva,,Original,2046,2,CDER,,,,,
U,"Fresenius Kabi USA, LLC",761398,Conexxence,denosumab-bnht,351(k) Interchangeable,60MG/ML,Injection ,Subcutaneous,Pre-Filled Syringe,Rx,Licensed,25-Mar-25,denosumab,Prolia,,Original,2146,1,CDER,,,,,
U,"Fresenius Kabi USA, LLC",761398,Bomyntra,denosumab-bnht,351(k) Interchangeable,120MG/1.7ML (70MG/ML),Injection ,Subcutaneous,Single-Dose Vial,Rx,Licensed,25-Mar-25,denosumab,Xgeva,,Original,2146,2,CDER,,,,,
U,"Fresenius Kabi USA, LLC",761398,Bomyntra,denosumab-bnht,351(k) Interchangeable,120MG/1.7ML (70MG/ML),Injection ,Subcutaneous,Pre-Filled Syringe,Rx,Licensed,25-Mar-25,denosumab,Xgeva,,Original,2146,3,CDER,,,,,
U,"CELLTRION, Inc.",761404,Stoboclo,denosumab-bmwo,351(k) Interchangeable,60MG/ML,Injection ,Subcutaneous,Pre-Filled Syringe,Rx,Licensed,28-Feb-25,denosumab,Prolia,,Original,1996,1,CDER,,,,,
U,"CELLTRION, Inc.",761404,Osenvelt,denosumab-bmwo,351(k) Interchangeable,120MG/1.7ML (70MG/ML),Injection ,Subcutaneous,Single-Dose Vial,Rx,Licensed,28-Feb-25,denosumab,Xgeva,,Original,1996,2,CDER,,,,,
N,Accord BioPharma Inc.,761424,Osvyrti,denosumab-desu,351(k) Interchangeable,60MG/ML,Injection ,Subcutaneous,Pre-Filled Syringe,Rx,Licensed,29-Oct-25,denosumab,Prolia,,Original,2105,1,CDER,,,,,
N,Accord BioPharma Inc.,761424,Jubereq,denosumab-desu,351(k) Interchangeable,120MG/1.7ML (70MG/ML),Injection ,Subcutaneous,Single-Dose Vial,Rx,Licensed,29-Oct-25,denosumab,Xgeva,,Original,2105,2,CDER,,,,,
N,"Otsuka Pharmaceutical Company, Ltd.",761434,Voyxact,sibeprenlimab-szsi,351(a),400MG/2ML (200MG/ML),Injection ,Subcutaneous,Pre-Filled Syringe,Rx,Licensed,25-Nov-25,N/A,N/A,,Original,2387,1,CDER,,,,,
U,Biocon Biologics Inc.,761436,Bosaya,denosumab-kyqq,351(k) Interchangeable,60MG/ML,Injection ,Subcutaneous,Pre-Filled Syringe,Rx,Licensed,16-Sep-25,denosumab,Prolia,,Original,2324,1,CDER,,,,,
U,Biocon Biologics Inc.,761436,Aukelso,denosumab-kyqq,351(k) Interchangeable,120MG/1.7ML (70MG/ML),Injection ,Subcutaneous,Single-Dose Vial,Rx,Licensed,16-Sep-25,denosumab,Xgeva,,Original,2324,2,CDER,,,,,
U,Hikma Pharmaceuticals USA Inc.,761439,Enoby,denosumab-qbde,351(k) Interchangeable,60MG/ML,Injection ,Subcutaneous,Pre-Filled Syringe,Rx,Licensed,26-Sep-25,denosumab,Prolia,,Original,2356,1,CDER,,,,,
U,Hikma Pharmaceuticals USA Inc.,761439,Xtrenbo,denosumab-qbde,351(k) Interchangeable,120MG/1.7ML (70MG/ML),Injection ,Subcutaneous,Single-Dose Vial,Rx,Licensed,26-Sep-25,denosumab,Xgeva,,Original,2356,2,CDER,,,,,
N,GlaxoSmithKline LLC,761440,Blenrep,belantamab mafodotin-blmf,351(a),70MG,For Injection,Intravenous,Single-Dose Vial,Rx,Licensed,23-Oct-25,N/A,N/A,,Original,1727,1,CDER,,,,,
U,"Shanghai Henlius Biotech, Inc.",761444,Bildyos,denosumab-nxxp,351(k) Interchangeable,60MG/ML,Injection ,Subcutaneous,Single-Dose Vial,Rx,Licensed,29-Aug-25,denosumab,Prolia,,Original,2354,1,CDER,,,,,
U,"Shanghai Henlius Biotech, Inc.",761444,Bildyos,denosumab-nxxp,351(k) Interchangeable,60MG/ML,Injection ,Subcutaneous,Pre-Filled Syringe,Rx,Licensed,29-Aug-25,denosumab,Prolia,,Original,2354,2,CDER,,,,,
U,"Shanghai Henlius Biotech, Inc.",761444,Bilprevda,denosumab-nxxp,351(k) Interchangeable,120MG/1.7ML (70MG/ML),Injection ,Subcutaneous,Single-Dose Vial,Rx,Licensed,29-Aug-25,denosumab,Xgeva,,Original,2354,3,CDER,,,,,
N,"Shanghai Henlius Biotech, Inc.",761450,Poherdy,pertuzumab-dpzb,351(k) Interchangeable,420MG/14ML (30MG/ML),Injection ,Intravenous,Single-Dose Vial,Rx,Licensed,13-Nov-25,pertuzumab,Perjeta,,Original,2354,1,CDER,,,Date TBD,,
,,,,,,,,,,,,,,,,,,,,,,,,
N/R/U,Applicant,BLA Number,Proprietary Name,Proper Name,BLA Type,Strength,Dosage Form,Route of Administration,Product Presentation,Marketing Status,Licensure,Approval Date,Ref. Product Proper Name,Ref. Product Proprietary Name,Supplement Number,Submission Type,License Number,Product Number,Center,Date of First Licensure,Exclusivity Expiration Date,First Interchangeable Exclusivity Exp. Date,Ref. Product Exclusivity Exp. Date,Orphan Exclusivity Exp. Date
,Ferring Pharmaceuticals Inc.,17016,Novarel,chorionic gonadotropin,351(a),"20,000UNITS",For Injection,Intramuscular,Multi-Dose Vial,Disc,Licensed,15-Jan-74,N/A,N/A,,Original,2112,4,CDER,,,,,
,Ferring Pharmaceuticals Inc.,17016,Novarel,chorionic gonadotropin,351(a),"5,000UNITS",For Injection,Intramuscular,Multi-Dose Vial,Rx,Licensed,15-Jan-74,N/A,N/A,,Original,2112,6,CDER,,,,,
,Ferring Pharmaceuticals Inc.,17016,Novarel,chorionic gonadotropin,351(a),"10,000UNITS",For Injection,Intramuscular,Multi-Dose Vial,Disc,Licensed,15-Jan-74,N/A,N/A,,Original,2112,7,CDER,,,,,
,Ferring Pharmaceuticals Inc.,17016,Novarel,chorionic gonadotropin,351(a),"2,000UNITS",For Injection,Intramuscular,Multi-Dose Vial,Disc,Licensed,27-Dec-84,N/A,N/A,132,Supplement,2112,9,CDER,,,,,
,Ferring Pharmaceuticals Inc.,17016,Novarel,chorionic gonadotropin,351(a),"15,000UNITS",For Injection,Intramuscular,Multi-Dose Vial,Disc,Licensed,15-Feb-85,N/A,N/A,131,Supplement,2112,10,CDER,,,,,
,Ferring Pharmaceuticals Inc.,17016,Novarel,chorionic gonadotropin,351(a),"2,000UNITS",For Injection,Intramuscular,Multi-Dose Vial,Disc,Licensed,16-Feb-90,N/A,N/A,136,Supplement,2112,11,CDER,,,,,
,"Bel-Mar Laboratories, Inc.",17054,Chorionic Gonadotropin,chorionic gonadotropin,351(a),"5,000UNITS",Injection ,Intramuscular,Single-Dose Vial,Disc,Licensed,26-Mar-74,N/A,N/A,,Original,2182,1,CDER,,,,,
,"Bel-Mar Laboratories, Inc.",17054,Chorionic Gonadotropin,chorionic gonadotropin,351(a),"10,000UNITS",Injection ,Intramuscular,Single-Dose Vial,Disc,Licensed,26-Mar-74,N/A,N/A,,Original,2182,2,CDER,,,,,
,Ferring Pharmaceuticals Inc.,17055,A.P.L.,chorionic gonadotropin,351(a),"5,000UNITS",For Injection,Intramuscular,Single-Dose Vial,Disc,Licensed,13-Dec-74,N/A,N/A,,Original,2112,1,CDER,,,,,
,Ferring Pharmaceuticals Inc.,17055,A.P.L.,chorionic gonadotropin,351(a),"10,000UNITS",For Injection,Intramuscular,Single-Dose Vial,Disc,Licensed,13-Dec-74,N/A,N/A,,Original,2112,2,CDER,,,,,
,Ferring Pharmaceuticals Inc.,17055,A.P.L.,chorionic gonadotropin,351(a),"20,000UNITS",For Injection,Intramuscular,Single-Dose Vial,Disc,Licensed,13-Dec-74,N/A,N/A,,Original,2112,3,CDER,,,,,
,"Fresenius Kabi USA, LLC",17067,Chorionic Gonadotropin,chorionic gonadotropin,351(a),"5,000UNITS",For Injection,Intramuscular,Multi-Dose Vial,Disc,Licensed,5-Mar-73,N/A,N/A,,Original,2146,1,CDER,,,,,
,"Fresenius Kabi USA, LLC",17067,Chorionic Gonadotropin,chorionic gonadotropin,351(a),"10,000UNITS",For Injection,Intramuscular,Multi-Dose Vial,Rx,Licensed,5-Mar-73,N/A,N/A,,Original,2146,2,CDER,,,,,
,"Fresenius Kabi USA, LLC",17067,Chorionic Gonadotropin,chorionic gonadotropin,351(a),"15,0000UNITS",For Injection,Intramuscular,Multi-Dose Vial,Disc,Licensed,5-Mar-73,N/A,N/A,,Original,2146,3,CDER,,,,,
,"Fresenius Kabi USA, LLC",17067,Chorionic Gonadotropin,chorionic gonadotropin,351(a),"20,000UNITS",For Injection,Intramuscular,Multi-Dose Vial,Disc,Licensed,5-Mar-73,N/A,N/A,,Original,2146,4,CDER,,,,,
,"EMD Serono, Inc.",17646,Pergonal,menotropins,351(a),75IU,For Injection,"Subcutaneous, Intramuscular",Single-Dose Vial,Disc,Licensed,22-Aug-75,N/A,N/A,,Original,1773,1,CDER,,,,,
,"EMD Serono, Inc.",17646,Pergonal,menotropins,351(a),150IU,For Injection,"Subcutaneous, Intramuscular",Single-Dose Vial,Disc,Licensed,20-May-85,N/A,N/A,22,Supplement,1773,2,CDER,,,,,
,"Organon USA LLC, a subsidiary of Organon & Co.",17692,Pregnyl,chorionic gonadotropin,351(a),"10,000UNITS",For Injection,Intramuscular,Multi-Dose Vial,Rx,Licensed,20-Oct-76,N/A,N/A,,Original,2331,1,CDER,,,,,
,Jubilant DraxImage Inc.,17776,Pulmolite,kit for the preparation of technetium Tc-99m albumin aggregated,351(a),1MG/10MG/0.24MG/ 0.7MG/0.13MG/10MG,For Injectable Suspension,Intravenous,Vial,Disc,Licensed,16-Nov-76,N/A,N/A,,Original,2186,1,CDER,,,,,
,Bracco Diagnostics Inc.,17833,Macrotec,kit for the preparation of technetium Tc-99m albumin aggregated,351(a),1.5MG/10MG/0.07MG/0.19MG/1.8MG,For Injectable Suspension,Intravenous,Vial,Disc,Licensed,23-Feb-76,N/A,N/A,,Original,2183,1,CDER,,,,,
,"Iso-Tex Diagnostics, Inc. ",17835,Chromalbin,albumin chromated CR-51 serum,351(a),100uCi,Injection ,Intravenous,Single-Dose Vial,Disc,Voluntarily Revoked,23-Feb-76,N/A,N/A,,Original,2189,1,CDER,,,,,
,"Iso-Tex Diagnostics, Inc. ",17835,Chromalbin,albumin chromated CR-51 serum,351(a),250uCi,Injection ,Intravenous,Single-Dose Vial,Disc,Voluntarily Revoked,23-Feb-76,N/A,N/A,,Original,2189,2,CDER,,,,,
,"Iso-Tex Diagnostics, Inc. ",17835,Chromalbin,albumin chromated CR-51 serum,351(a),500uCi,Injection ,Intravenous,Single-Dose Vial,Disc,Voluntarily Revoked,23-Feb-76,N/A,N/A,,Original,2189,3,CDER,,,,,
,"Iso-Tex Diagnostics, Inc. ",17836,Jeanatope,iodinated I-125 albumin,351(a),"500uCi/0.5ML (1,000uCi/ML)",Injection ,Intravenous,Multi-Dose Vial,Disc,Voluntarily Revoked,23-Feb-76,N/A,N/A,,Original,2189,1,CDER,,,,,
,"Iso-Tex Diagnostics, Inc. ",17836,Jeanatope,iodinated I-125 albumin,351(a),"1,000uCi/ML (1,000uCi/ML)",Injection ,Intravenous,Multi-Dose Vial,Disc,Voluntarily Revoked,23-Feb-76,N/A,N/A,,Original,2189,2,CDER,,,,,
,"Iso-Tex Diagnostics, Inc. ",17836,Jeanatope,iodinated I-125 albumin,351(a),100uCi/10ML (10uCi/ML),Injection ,Intravenous,Multi-Dose Vial,Disc,Voluntarily Revoked,8-Jun-04,N/A,N/A,8,Supplement,2189,3,CDER,,,,,
,"Iso-Tex Diagnostics, Inc. ",17837,Megatope,iodinated I-131 albumin,351(a),0.5mCi,Injection ,Intravenous,Multi-Dose Vial,Disc,Licensed,23-Feb-76,N/A,N/A,,Original,2189,1,CDER,,,,,
,"Iso-Tex Diagnostics, Inc. ",17837,Megatope,iodinated I-131 albumin,351(a),1mCi,Injection ,Intravenous,Multi-Dose Vial,Rx,Licensed,23-Feb-76,N/A,N/A,,Original,2189,2,CDER,,,,,
,"Iso-Tex Diagnostics, Inc. ",17837,Megatope,iodinated I-131 albumin,351(a),2mCi,Injection ,Intravenous,Multi-Dose Vial,Disc,Licensed,23-Feb-76,N/A,N/A,,Original,2189,3,CDER,,,,,
,"Iso-Tex Diagnostics, Inc. ",17837,Megatope,iodinated I-131 albumin,351(a),5uCi/AMP,Injection ,Intravenous,Multi-Dose Vial,Disc,Licensed,23-Feb-76,N/A,N/A,,Original,2189,4,CDER,,,,,
,"Iso-Tex Diagnostics, Inc. ",17837,Megatope,iodinated I-131 albumin,351(a),20uCi/AMP,Injection ,Intravenous,Multi-Dose Vial,Disc,Licensed,23-Feb-76,N/A,N/A,,Original,2189,5,CDER,,,,,
,Jubilant DraxImage Inc.,17881,Draximage MAA,kit for the preparation of technetium Tc-99m albumin aggregated,351(a),2.5MG/5MG/0.6MG/ 1.2MG,For Injectable Suspension,Intravenous,Multi-Dose Vial,Rx,Licensed,30-Dec-87,N/A,N/A,,Original,2186,1,CDER,,,,,
,Pharmalucence Inc,18263,Microlite,radiolabeled albumin technetium Tc-99m albumin colloid kit,351(a),,,,Single-Dose Vial,Disc,Voluntarily Revoked,25-Mar-83,N/A,N/A,,Original,2203,1,CDER,,,,,
,"DisCure Medical, LLC",18663,Chymodiactin,chymopapain,351(a),"10,000UNITS",For Injection,Intrathecal,Single-Dose Vial,Disc,Licensed,10-Nov-82,N/A,N/A,,Original,2185,1,CDER,,,,,
,"DisCure Medical, LLC",18663,Chymodiactin,chymopapain,351(a),"4,000UNITS",For Injection,Intrathecal,Single-Dose Vial,Disc,Licensed,21-Aug-84,N/A,N/A,"11,12",Supplement,2185,2,CDER,,,,,
,Eli Lilly and Company,18780,Humulin R U-100,insulin human,351(a),"1,000UNITS/10ML (100UNITS/ML)",Injection ,Subcutaneous,Multi-Dose Vial,OTC,Licensed,28-Oct-82,N/A,N/A,,Original,1891,1,CDER,,,,,
,Eli Lilly and Company,18780,Humulin R U-500,insulin human,351(a),"1,500UNITS/3ML (500UNITS/ML)",Injection ,Subcutaneous,Autoinjector,Rx,Licensed,29-Dec-15,N/A,N/A,152,Supplement,1891,2,CDER,,,,,
,Eli Lilly and Company,18780,Humulin R U-100,insulin human,351(a),300UNITS/3ML (100UNITS/ML),Injection ,Subcutaneous,Autoinjector,Disc,Licensed,6-Aug-98,N/A,N/A,58,Supplement,1891,3,CDER,,,,,
,Eli Lilly and Company,18780,Humulin R U-500,insulin human,351(a),"10,000UNITS/20ML (500UNITS/ML)",Injection ,Subcutaneous,Multi-Dose Vial,Rx,Licensed,31-Mar-94,N/A,N/A,42,Supplement,1891,4,CDER,,,,,
,Eli Lilly and Company,18780,Humulin R U-100,insulin human,351(a),300UNITS/3ML (100UNITS/ML),Injection ,Subcutaneous,Multi-Dose Vial,OTC,Licensed,25-May-18,N/A,N/A,126,Supplement,1891,5,CDER,,,,,
,Eli Lilly and Company,18781,Humulin N,insulin isophane human,351(a),"1,000UNITS/10ML (100UNITS/ML)",Injectable Suspension,Subcutaneous,Multi-Dose Vial,OTC,Licensed,28-Oct-82,N/A,N/A,,Original,1891,1,CDER,,,,,
,Eli Lilly and Company,18781,Humulin N,insulin isophane human,351(a),300UNITS/3ML (100UNITS/ML),Injectable Suspension,Subcutaneous,Multi-Dose Vial,OTC,Licensed,28-Oct-82,N/A,N/A,,Original,1891,2,CDER,,,,,
,Eli Lilly and Company,18781,Humulin N,insulin isophane human,351(a),300UNITS/3ML (100UNITS/ML),Injectable Suspension,Subcutaneous,Autoinjector,OTC,Licensed,7-Nov-13,N/A,N/A,118,Supplement,1891,3,CDER,,,,,
,Eli Lilly and Company,19640,Humatrope,somatropin,351(a),2MG,For Injection,Subcutaneous,Single-Dose Vial,Disc,Licensed,23-Jun-87,N/A,N/A,1,Supplement,1891,1,CDER,,,,,1-Nov-13
,Eli Lilly and Company,19640,Humatrope,somatropin,351(a),5MG,For Injection,Subcutaneous,Single-Dose Vial,Disc,Licensed,16-Oct-86,N/A,N/A,,Original,1891,4,CDER,,,,,1-Nov-13
,Eli Lilly and Company,19640,Humatrope,somatropin,351(a),6MG,For Injection,Subcutaneous,Multi-Dose Cartridge,Rx,Licensed,4-Feb-99,N/A,N/A,22,Supplement,1891,5,CDER,,,,,1-Nov-13
,Eli Lilly and Company,19640,Humatrope,somatropin,351(a),12MG,For Injection,Subcutaneous,Multi-Dose Cartridge,Rx,Licensed,4-Feb-99,N/A,N/A,22,Supplement,1891,6,CDER,,,,,1-Nov-13
,Eli Lilly and Company,19640,Humatrope,somatropin,351(a),24MG,For Injection,Subcutaneous,Multi-Dose Cartridge,Rx,Licensed,4-Feb-99,N/A,N/A,22,Supplement,1891,7,CDER,,,,,1-Nov-13
,Eli Lilly and Company,19717,Humulin 70/30,insulin isophane human and insulin human,351(a), 700UNITS/10ML (70UNITS/ML); 300UNITS/10ML (30UNITS/ML),Injectable Suspension,Subcutaneous,Multi-Dose Vial,OTC,Licensed,25-Apr-89,N/A,N/A,,Original,1891,1,CDER,,,,,
,Eli Lilly and Company,19717,Humulin 70/30,insulin isophane human and insulin human,351(a),210UNITS/3ML (70UNITS/ML); 90UNITS/3ML (30UNITS/ML),Injectable Suspension,Subcutaneous,Multi-Dose Vial,OTC,Licensed,25-Apr-89,N/A,N/A,,Original,1891,2,CDER,,,,,
,Eli Lilly and Company,19717,Humulin 70/30,insulin isophane human and insulin human,351(a),210UNITS/3ML (70UNITS/ML); 90UNITS/3ML (30UNITS/ML),Injectable Suspension,Subcutaneous,Autoinjector,OTC,Licensed,7-Nov-13,N/A,N/A,98,Supplement,1891,3,CDER,,,,,
,"EMD Serono, Inc.",19764,Saizen,somatropin,351(a),6MG,For Injection,Subcutaneous,Single-Dose Vial,Disc,Voluntarily Revoked,8-Oct-96,N/A,N/A,,Original,1773,1,CDER,,,,,
,"EMD Serono, Inc.",19764,Saizen,somatropin,351(a),5MG,For Injection,Subcutaneous,Single-Dose Vial,Disc,Voluntarily Revoked,8-Oct-96,N/A,N/A,,Original,1773,2,CDER,,,,,
,"EMD Serono, Inc.",19764,Saizen,somatropin,351(a),8.8MG,For Injection,Subcutaneous,Single-Dose Vial,Disc,Voluntarily Revoked,29-Aug-00,N/A,N/A,3,Supplement,1773,3,CDER,,,,,
,"EMD Serono, Inc.",19764,Saizen,somatropin,351(a),4MG,For Injection,Subcutaneous,Single-Dose Vial,Disc,Voluntarily Revoked,16-Jan-07,N/A,N/A,30,Supplement,1773,5,CDER,,,,,
,Ferring Pharmaceuticals Inc.,19774,Zomacton,somatropin,351(a),4.8MG,For Injection,Subcutaneous,Multi-Dose Vial,Disc,Licensed,25-May-95,N/A,N/A,,Original,2112,1,CDER,,,,,
,Ferring Pharmaceuticals Inc.,19774,Zomacton,somatropin,351(a),5MG,For Injection,Subcutaneous,Multi-Dose Vial,Rx,Licensed,4-Jan-02,N/A,N/A,8,Supplement,2112,2,CDER,,,,,
,Ferring Pharmaceuticals Inc.,19774,Zomacton,somatropin,351(a),10MG,For Injection,Subcutaneous,Multi-Dose Vial,Rx,Licensed,7-Mar-12,N/A,N/A,25,Supplement,2112,3,CDER,,,,,
,"Leadiant Biosciences, Inc",19818,Adagen,pegademase bovine,351(a),375UNITS/1.5ML (250UNITS/ML),Injection ,Intramuscular,Single-Dose Vial,Disc,Licensed,21-Mar-90,N/A,N/A,,Original,2073,1,CDER,,,,,21-Mar-97
,Novo Nordisk Inc.,19938,Novolin R,insulin human,351(a),"1,000UNITS/10ML (100UNITS/ML)",Injection ,Subcutaneous,Multi-Dose Vial,OTC,Licensed,25-Jun-91,N/A,N/A,,Original,1261,1,CDER,,,,,
,Novo Nordisk Inc.,19938,Novolin R,insulin human,351(a),300UNITS/3ML (100UNITS/ML),Injection ,Subcutaneous,Autoinjector,OTC,Licensed,1-Jun-18,N/A,N/A,76,Supplement,1261,2,CDER,,,,,
,Novo Nordisk Inc.,19959,Novolin N,insulin isophane human,351(a),"1,000UNITS/10ML (100UNITS/ML)",Injectable Suspension,Subcutaneous,Multi-Dose Vial,OTC,Licensed,1-Jul-91,N/A,N/A,,Original,1261,1,CDER,,,,,
,Novo Nordisk Inc.,19959,Novolin N,insulin isophane human,351(a),300UNITS/3ML (100UNITS/ML),Injectable Suspension,Subcutaneous,Autoinjector,OTC,Licensed,1-Jul-91,N/A,N/A,,Original,1261,2,CDER,,,,,
,Novo Nordisk Inc.,19991,Novolin 70/30,insulin isophane human and insulin human,351(a),300UNITS/10ML (30UNITS/ML); 700UNITS/10ML (70UNITS/ML),Injection ,Subcutaneous,Multi-Dose Vial,OTC,Licensed,25-Jun-91,N/A,N/A,,Original,1261,1,CDER,,,,,
,Novo Nordisk Inc.,19991,Novolin 70/30,insulin isophane human and insulin human,351(a),90UNITS/3ML (30UNITS/ML); 210UNITS/3ML (70UNITS/ML),Injection ,Subcutaneous,Autoinjector,OTC,Licensed,1-Jun-18,N/A,N/A,79,Supplement,1261,2,CDER,,,,,
,AbbVie Inc.,20032,Survanta,beractant,351(a),100MG/4ML (25MG/ML),Suspension,Intratracheal,Single-Dose Vial,Rx,Licensed,1-Jul-91,N/A,N/A,,Original,1889,1,CDER,,,,,2-Jul-98
,AbbVie Inc.,20032,Survanta,beractant,351(a), 200MG/8ML (25MG/ML),Suspension,Intratracheal,Single-Dose Vial,Rx,Licensed,1-Jul-91,N/A,N/A,,Original,1889,2,CDER,,,,,2-Jul-98
,Ferring Pharmaceuticals Inc.,20162,Acthrel,corticorelin ovine triflutate,351(a),100MCG,For Injection,Intravenous,Single-Dose Vial,Disc,Licensed,23-May-96,N/A,N/A,,Original,2112,1,CDER,,,,,23-May-03
,"Genentech, Inc.",20168,Nutropin,somatropin,351(a),5MG,For Injection,Subcutaneous,Multi-Dose Vial,Disc,Voluntarily Revoked,17-Nov-93,N/A,N/A,,Original,1048,1,CDER,,,,,30-Dec-03
,"Genentech, Inc.",20168,Nutropin,somatropin,351(a),10MG,For Injection,Subcutaneous,Multi-Dose Vial,Disc,Voluntarily Revoked,17-Nov-93,N/A,N/A,,Original,1048,2,CDER,,,,,30-Dec-03
,Pharmacia & Upjohn Company LLC,20280,Genotropin,somatropin,351(a),1.5MG,For Injection,Subcutaneous,Pre-Filled Syringe,Disc,Licensed,24-Aug-95,N/A,N/A,,Original,1216,1,CDER,,,,,25-Jul-08
,Pharmacia & Upjohn Company LLC,20280,Genotropin,somatropin,351(a),5MG,For Injection,Subcutaneous,Multi-Dose Cartridge,Rx,Licensed,24-Aug-95,N/A,N/A,,Original,1216,2,CDER,,,,,25-Jul-08
,Pharmacia & Upjohn Company LLC,20280,Genotropin,somatropin,351(a),0.6MG,For Injection,Subcutaneous,Pre-Filled Syringe,Rx,Licensed,27-Jan-98,N/A,N/A,9,Supplement,1216,3,CDER,,,,,25-Jul-08
,Pharmacia & Upjohn Company LLC,20280,Genotropin,somatropin,351(a),0.2MG,For Injection,Subcutaneous,Pre-Filled Syringe,Rx,Licensed,27-Jan-98,N/A,N/A,9,Supplement,1216,4,CDER,,,,,25-Jul-08
,Pharmacia & Upjohn Company LLC,20280,Genotropin,somatropin,351(a),0.8MG,For Injection,Subcutaneous,Pre-Filled Syringe,Rx,Licensed,27-Jan-98,N/A,N/A,9,Supplement,1216,5,CDER,,,,,25-Jul-08
,Pharmacia & Upjohn Company LLC,20280,Genotropin,somatropin,351(a),0.4MG,For Injection,Subcutaneous,Pre-Filled Syringe,Rx,Licensed,27-Jan-98,N/A,N/A,9,Supplement,1216,6,CDER,,,,,25-Jul-08
,Pharmacia & Upjohn Company LLC,20280,Genotropin,somatropin,351(a),12MG,For Injection,Subcutaneous,Multi-Dose Cartridge,Rx,Licensed,23-Oct-96,N/A,N/A,7,Supplement,1216,7,CDER,,,,,25-Jul-08
,Pharmacia & Upjohn Company LLC,20280,Genotropin,somatropin,351(a),1MG,For Injection,Subcutaneous,Pre-Filled Syringe,Rx,Licensed,27-Jan-98,N/A,N/A,9,Supplement,1216,8,CDER,,,,,25-Jul-08
,Pharmacia & Upjohn Company LLC,20280,Genotropin,somatropin,351(a),1.2MG,For Injection,Subcutaneous,Pre-Filled Syringe,Rx,Licensed,27-Jan-98,N/A,N/A,9,Supplement,1216,9,CDER,,,,,25-Jul-08
,Pharmacia & Upjohn Company LLC,20280,Genotropin,somatropin,351(a),1.4MG,For Injection,Subcutaneous,Pre-Filled Syringe,Rx,Licensed,27-Jan-98,N/A,N/A,9,Supplement,1216,10,CDER,,,,,25-Jul-08
,Pharmacia & Upjohn Company LLC,20280,Genotropin,somatropin,351(a),1.6MG,For Injection,Subcutaneous,Pre-Filled Syringe,Rx,Licensed,27-Jan-98,N/A,N/A,9,Supplement,1216,11,CDER,,,,,25-Jul-08
,Pharmacia & Upjohn Company LLC,20280,Genotropin,somatropin,351(a),1.8MG,For Injection,Subcutaneous,Pre-Filled Syringe,Rx,Licensed,27-Jan-98,N/A,N/A,9,Supplement,1216,12,CDER,,,,,25-Jul-08
,Pharmacia & Upjohn Company LLC,20280,Genotropin,somatropin,351(a),2MG,For Injection,Subcutaneous,Pre-Filled Syringe,Rx,Licensed,27-Jan-98,N/A,N/A,9,Supplement,1216,13,CDER,,,,,25-Jul-08
,Bayer HealthCare Pharmaceuticals Inc.,20304,Trasylol,aprotinin,351(a),"1,000,000KIU/100ML (10,000KIU/ML) ",Injection ,Intravenous,Single-Dose Vial,Disc,Licensed,29-Dec-93,N/A,N/A,,Original,1778,1,CDER,,,,,29-Dec-00
,Bayer HealthCare Pharmaceuticals Inc.,20304,Trasylol,aprotinin,351(a),"2,000,000KIU/200ML (10,000KIU/ML)",Injection ,Intravenous,Single-Dose Vial,Disc,Licensed,29-Dec-93,N/A,N/A,,Original,1778,2,CDER,,,,,29-Dec-00
,"Organon USA Inc., a subsidiary of Merck & Co., Inc.",20328,Humegon,menotropins,351(a),75IU,For Injection,Intramuscular,Single-Dose Vial,Disc,Voluntarily Revoked,1-Sep-94,N/A,N/A,,Original,2193,1,CDER,,,,,
,"Organon USA Inc., a subsidiary of Merck & Co., Inc.",20328,Humegon,menotropins,351(a),150IU,For Injection,Intramuscular,Single-Dose Vial,Disc,Voluntarily Revoked,1-Sep-94,N/A,N/A,,Original,2193,2,CDER,,,,,
,Genzyme Corporation,20367,Cerezyme,imiglucerase,351(a),200UNITS/VIAL,For Injection,Intravenous,Single-Dose Vial,Disc,Licensed,23-May-94,N/A,N/A,,Original,1596,1,CDER,,,,,23-May-01
,Genzyme Corporation,20367,Cerezyme,imiglucerase,351(a),400UNITS/VIAL,For Injection,Intravenous,Single-Dose Vial,Rx,Licensed,22-Sep-99,N/A,N/A,34,Supplement,1596,2,CDER,,,,,23-May-01
,"EMD Serono, Inc.",20378,Gonal-f,follitropin alfa,351(a),75IU,For Injection,Subcutaneous,Ampule,Disc,Licensed,29-Sep-97,N/A,N/A,,Original,1773,1,CDER,,,,,24-May-07
,"EMD Serono, Inc.",20378,Gonal-f,follitropin alfa,351(a),150IU,For Injection,Subcutaneous,Ampule,Disc,Licensed,29-Sep-97,N/A,N/A,,Original,1773,2,CDER,,,,,24-May-07
,"EMD Serono, Inc.",20378,Gonal-f,follitropin alfa,351(a),37.5IU,For Injection,Subcutaneous,Ampule,Disc,Licensed,25-Mar-04,N/A,N/A,15,Supplement,1773,3,CDER,,,,,24-May-07
,"EMD Serono, Inc.",20378,Gonal-f,follitropin alfa,351(a),"1,050IU (600IU/ML)",For Injection,Subcutaneous,Multi-Dose Vial,Rx,Licensed,28-Feb-01,N/A,N/A,9,Supplement,1773,4,CDER,,,,,24-May-07
,"EMD Serono, Inc.",20378,Gonal-f,follitropin alfa,351(a),450IU (600IU/ML),For Injection,Subcutaneous,Multi-Dose Vial,Rx,Licensed,26-Mar-04,N/A,N/A,16,Supplement,1773,5,CDER,,,,,24-May-07
,ONY Biotech Inc.,20521,Infasurf,calfactant,351(a),210MG/6ML (35MG/ML),Suspension,Intratracheal,Single-Dose Vial,Rx,Licensed,1-Jul-98,N/A,N/A,,Original,2192,1,CDER,,,,,
,ONY Biotech Inc.,20521,Infasurf,calfactant,351(a),105MG/3ML (35MG/ML),Suspension,Intratracheal,Single-Dose Vial,Rx,Licensed,12-Dec-02,N/A,N/A,8,Supplement,2192,2,CDER,,,,,
," Genentech, Inc.",20522,Nutropin AQ,somatropin,351(a),10MG/2ML ,Injection ,Subcutaneous,Vial,Disc,Voluntarily Revoked,29-Dec-95,N/A,N/A,,Original,1048,1,CDER,,,,,
," Genentech, Inc.",20522,Nutropin AQ,somatropin,351(a),10MG/2ML ,Injection ,Subcutaneous,Multi-Dose Cartridge,Disc,Voluntarily Revoked,22-Apr-02,N/A,N/A,17,Supplement,1048,2,CDER,,,,,
," Genentech, Inc.",20522,Nutropin AQ,somatropin,351(a),5MG/2ML ,Injection ,Subcutaneous,Autoinjector,Disc,Voluntarily Revoked,3-Jan-08,N/A,N/A,37,Supplement,1048,3,CDER,,,,,
," Genentech, Inc.",20522,Nutropin AQ,somatropin,351(a),20MG/2ML,Injection ,Subcutaneous,Autoinjector,Disc,Voluntarily Revoked,3-Jan-08,N/A,N/A,37,Supplement,1048,4,CDER,,,,,
," Genentech, Inc.",20522,Nutropin AQ,somatropin,351(a),10MG/2ML ,Injection ,Subcutaneous,Autoinjector,Disc,Voluntarily Revoked,3-Jan-08,N/A,N/A,36,Supplement,1048,5,CDER,,,,,
," Genentech, Inc.",20522,Nutropin AQ,somatropin,351(a),20MG/2ML,Injection ,Subcutaneous,Multi-Dose Cartridge,Disc,Voluntarily Revoked,3-Jan-08,N/A,N/A,26,Supplement,1048,6,CDER,,,,,
,Eli Lilly and Company,20563,Humalog,insulin lispro,351(a),"1,000UNITS/10ML (100UNITS/ML)",Injection ,"Intravenous, Subcutaneous ",Multi-Dose Vial,Rx,Licensed,14-Jun-96,N/A,N/A,,Original,1891,1,CDER,,,,,
,Eli Lilly and Company,20563,Humalog,insulin lispro,351(a),300UNITS/3ML (100UNITS/ML),Injection ,Subcutaneous,Multi-Dose Cartridge,Disc,Licensed,6-Aug-98,N/A,N/A,6,Supplement,1891,2,CDER,,,,,
,Eli Lilly and Company,20563,Humalog,insulin lispro,351(a),300UNITS/3ML (100UNITS/ML),Injection ,Subcutaneous,Autoinjector,Rx,Licensed,6-Sep-07,N/A,N/A,75,Supplement,1891,3,CDER,,,,,
,Eli Lilly and Company,20563,Humalog,insulin lispro,351(a),300UNITS/3ML (100UNITS/ML),Injection ,Subcutaneous,Autoinjector,Rx,Licensed,6-Jun-17,N/A,N/A,176,Supplement,1891,4,CDER,,,,,
,Eli Lilly and Company,20563,Humalog,insulin lispro,351(a),300UNITS/3ML (100UNITS/ML),Injection ,Subcutaneous,Autoinjector,Rx,Licensed,15-Nov-19,N/A,N/A,196,Supplement,1891,5,CDER,,,,,
,Eli Lilly and Company,20563,Humalog,insulin lispro,351(a),300UNITS/3ML (100UNITS/ML),Injection ,"Intravenous, Subcutaneous ",Multi-Dose Vial,Rx,Licensed,14-Jun-96,N/A,N/A,,Original,1891,6,CDER,,,,,
,"Organon USA Inc., a subsidiary of Merck & Co., Inc.",20580,Cotazym,pancrelipase,351(a),"8,000USP UNITS; 30,000USP UNITS; 30,000USP UNITS","Capsule, Delayed Release",Oral,,Disc,Voluntarily Revoked,9-Dec-96,N/A,N/A,,Original,2193,1,CDER,,,,,
,"Organon USA Inc., a subsidiary of Merck & Co., Inc.",20582,Follistim,follitropin beta,351(a),75IU,For Injection,"Subcutaneous, Intramuscular",Single-Dose Vial,Disc,Voluntarily Revoked,29-Sep-97,N/A,N/A,,Original,2193,1,CDER,,,,,
,"Organon USA Inc., a subsidiary of Merck & Co., Inc.",20582,Follistim,follitropin beta,351(a),150IU,For Injection,"Subcutaneous, Intramuscular",Single-Dose Vial,Disc,Voluntarily Revoked,29-Sep-97,N/A,N/A,,Original,2193,2,CDER,,,,,
,"EMD Serono, Inc.",20604,Serostim,somatropin,351(a),6MG,For Injection,Subcutaneous,Single-Dose Vial,Rx,Licensed,23-Aug-96,N/A,N/A,,Original,1773,1,CDER,,,,,23-Aug-03
,"EMD Serono, Inc.",20604,Serostim,somatropin,351(a),5MG,For Injection,Subcutaneous,Single-Dose Vial,Rx,Licensed,23-Aug-96,N/A,N/A,,Original,1773,2,CDER,,,,,
,"EMD Serono, Inc.",20604,Serostim,somatropin,351(a),4MG,For Injection,Subcutaneous,Multi-Dose Vial,Rx,Licensed,25-Jul-97,N/A,N/A,2,Supplement,1773,3,CDER,,,,,
,"EMD Serono, Inc.",20604,Zorbtive/Serostim,somatropin,351(a),8.8MG,For Injection,Subcutaneous,Multi-Dose Vial,Disc,Licensed,19-Nov-01,N/A,N/A,19,Supplement,1773,4,CDER,,,,,
,"EMD Serono, Inc.",20604,Serostim,somatropin,351(a),6MG/0.5ML ,Injection ,Subcutaneous,Single-Dose Cartridge,Disc,Licensed,11-Feb-05,N/A,N/A,29,Supplement,1773,5,CDER,,,,,
,AbbVie Inc.,20725,Creon,pancrelipase,351(a),"6,000USP UNITS; 19,000USP UNITS; 30,000USP UNITS","Capsule, Delayed Release",Oral,,Rx,Licensed,30-Apr-09,N/A,N/A,,Original,1889,1,CDER,,,,,
,AbbVie Inc.,20725,Creon,pancrelipase,351(a),"12,000USP UNITS; 38,000USP UNITS; 60,000USP UNITS","Capsule, Delayed Release",Oral,,Rx,Licensed,30-Apr-09,N/A,N/A,,Original,1889,2,CDER,,,,,
,AbbVie Inc.,20725,Creon,pancrelipase,351(a),"24,000USP UNITS; 76,000USP UNITS; 120,000USP UNITS","Capsule, Delayed Release",Oral,,Rx,Licensed,30-Apr-09,N/A,N/A,,Original,1889,3,CDER,,,,,
,AbbVie Inc.,20725,Creon,pancrelipase,351(a),"3,000USP UNITS; 9,500USP UNITS; 15,000USP UNITS","Capsule, Delayed Release",Oral,,Rx,Licensed,10-Jun-11,N/A,N/A,11,Supplement,1889,4,CDER,,,,,
,AbbVie Inc.,20725,Creon,pancrelipase,351(a),"36,000USP UNITS; 114,000USP UNITS; 180,000USP UNITS","Capsule, Delayed Release",Oral,,Rx,Licensed,14-Mar-13,N/A,N/A,16,Supplement,1889,5,CDER,,,,,
,"Chiesi USA, Inc.",20744,Curosurf,poractant alfa,351(a),120MG/1.5ML (80MG/ML),Suspension,Intratracheal,Single-Dose Vial,Rx,Licensed,18-Nov-99,N/A,N/A,,Original,2150,1,CDER,,,,,
,"Chiesi USA, Inc.",20744,Curosurf,poractant alfa,351(a),240MG/3ML (80MG/ML),Suspension,Intratracheal,Single-Dose Vial,Rx,Licensed,18-Nov-99,N/A,N/A,,Original,2150,2,CDER,,,,,
,"QOL Medical, LLC",20772,Sucraid,sacrosidase,351(a),"1,003,000IU/118ML (8,500IU/ML)",Solution For Oral,Oral,Bottle,Rx,Licensed,9-Apr-98,N/A,N/A,,Original,2195,1,CDER,,,,,9-Apr-05
,"QOL Medical, LLC",20772,Sucraid,sacrosidase,351(a),"17,000IU/2ML (8,500IU/ML)",Solution For Oral,Oral,,Rx,Licensed,25-May-22,N/A,N/A,27,Supplement,2195,2,CDER,,,,,9-Apr-05
,Genzyme Corporation,20898,Thyrogen,thyrotropin alfa,351(a),0.9MG,For Injection,Intramuscular,Single-Dose Vial,Rx,Licensed,30-Nov-98,N/A,N/A,,Original,1596,1,CDER,,,,,14-Dec-14
,Novo Nordisk Inc.,20986,Novolog,insulin aspart,351(a),"1,000UNITS/10ML (100UNITS/ML)",Injection ,"Intravenous, Subcutaneous ",Multi-Dose Vial,Rx,Licensed,7-Jun-00,N/A,N/A,,Original,1261,1,CDER,,,,,
,Novo Nordisk Inc.,20986,Novolog,insulin aspart,351(a),300UNITS/3ML (100UNITS/ML),Injection ,Subcutaneous,Multi-Dose Cartridge,Rx,Licensed,7-Jun-00,N/A,N/A,,Original,1261,2,CDER,,,,,
,Novo Nordisk Inc.,20986,Novolog,insulin aspart,351(a),300UNITS/3ML (100UNITS/ML),Injection ,Subcutaneous,Autoinjector,Rx,Licensed,19-Jan-01,N/A,N/A,1,Supplement,1261,3,CDER,,,,,
,Novo Nordisk Inc.,20986,Novolog,insulin aspart,351(a),300UNITS/3ML (100UNITS/ML),Injection ,Subcutaneous,Autoinjector,Disc,Licensed,23-Apr-04,N/A,N/A,23,Supplement,1261,4,CDER,,,,,
,Novo Nordisk Inc.,20986,Novolog,insulin aspart,351(a),300UNITS/3ML (100UNITS/ML),Injection ,Subcutaneous,Autoinjector,Disc,Licensed,31-Oct-13,N/A,N/A,61,Supplement,1261,5,CDER,,,,,
,Eli Lilly and Company,21017,Humalog Mix 75/25,insulin lispro protamine and insulin lispro,351(a),750UNITS/10ML (75UNITS/ML); 250UNITS/10ML (25UNITS/ML),Injectable Suspension,Subcutaneous,Multi-Dose Vial,Rx,Licensed,22-Dec-99,N/A,N/A,,Original,1891,1,CDER,,,,,
,Eli Lilly and Company,21017,Humalog Mix 75/25,insulin lispro protamine and insulin lispro,351(a),225UNITS/3ML (75UNITS/ML); 75UNITS/3ML (25UNITS/ML),Injectable Suspension,Subcutaneous,Autoinjector,Rx,Licensed,6-Sep-07,N/A,N/A,40,Supplement,1891,2,CDER,,,,,
,Eli Lilly and Company,21017,Humalog Mix 75/25,insulin lispro protamine and insulin lispro,351(a),225UNITS/3ML (75UNITS/ML); 75UNITS/3ML (25UNITS/ML),Injectable Suspension,Subcutaneous,Autoinjector,Disc,Licensed,22-Dec-99,N/A,N/A,,Original,1891,3,CDER,,,,,
,Eli Lilly and Company,21018,Humalog Mix 50/50,insulin lispro protamine and insulin lispro,351(a),500UNITS/10ML (50UNITS/ML); 500UNITS/10ML (50UNITS/ML),Injectable Suspension,Subcutaneous,Multi-Dose Vial,Disc,Licensed,22-Dec-99,N/A,N/A,,Original,1891,1,CDER,,,,,
,Eli Lilly and Company,21018,Humalog Mix 50/50,insulin lispro protamine and insulin lispro,351(a),150UNITS/3ML (50UNITS/ML); 150UNITS/3ML (50UNITS/ML),Injectable Suspension,Subcutaneous,Autoinjector,Rx,Licensed,6-Sep-07,N/A,N/A,34,Supplement,1891,2,CDER,,,,,
,Eli Lilly and Company,21018,Humalog Mix 50/50,insulin lispro protamine and insulin lispro,351(a),150UNITS/3ML (50UNITS/ML); 150UNITS/3ML (50UNITS/ML),Injectable Suspension,Subcutaneous,Autoinjector,Disc,Licensed,22-Dec-99,N/A,N/A,,Original,1891,3,CDER,,,,,
,Ferring Pharmaceuticals Inc.,21047,Repronex,menotropins,351(a),75IU,For Injection,"Subcutaneous, Intramuscular",Single-Dose Vial,Disc,Licensed,27-Aug-99,N/A,N/A,,Original,2112,1,CDER,,,,,
,Ferring Pharmaceuticals Inc.,21047,Repronex,menotropins,351(a),150IU,For Injection,"Subcutaneous, Intramuscular",Single-Dose Vial,Disc,Licensed,27-Aug-99,N/A,N/A,,Original,2112,2,CDER,,,,,
,Sanofi-Aventis U.S. LLC,21081,Lantus,insulin glargine,351(a),"1,000UNITS/10ML (100UNITS/ML)",Injection ,Subcutaneous,Multi-Dose Vial,Rx,Licensed,20-Apr-00,N/A,N/A,,Original,1752,1,CDER,,,,,
,Sanofi-Aventis U.S. LLC,21081,Lantus,insulin glargine,351(a),300UNITS/3ML (100UNITS/ML),Injection ,Subcutaneous,Autoinjector,Rx,Licensed,25-Apr-07,N/A,N/A,24,Supplement,1752,2,CDER,,,,,
,Sanofi-Aventis U.S. LLC,21081,Lantus,insulin glargine,351(a),500UNITS/5ML (100UNITS/ML),Injection ,Subcutaneous,Multi-Dose Vial,Disc,Licensed,20-Apr-00,N/A,N/A,,Original,1752,3,CDER,,,,,
,Sanofi-Aventis U.S. LLC,21081,Lantus,insulin glargine,351(a),300UNITS/3ML (100UNITS/ML),Injection ,Subcutaneous,Multi-Dose Cartridge,Disc,Licensed,20-Apr-00,N/A,N/A,,Original,1752,4,CDER,,,,,
,Pharmacia & Upjohn Company LLC,21106,Somavert,pegvisomant,351(a),10MG,For Injection,Subcutaneous,Single-Dose Vial,Rx,Licensed,25-Mar-03,N/A,N/A,,Original,1216,1,CDER,,,,,25-Mar-10
,Pharmacia & Upjohn Company LLC,21106,Somavert,pegvisomant,351(a),15MG,For Injection,Subcutaneous,Single-Dose Vial,Rx,Licensed,25-Mar-03,N/A,N/A,,Original,1216,2,CDER,,,,,25-Mar-10
,Pharmacia & Upjohn Company LLC,21106,Somavert,pegvisomant,351(a),20MG,For Injection,Subcutaneous,Single-Dose Vial,Rx,Licensed,25-Mar-03,N/A,N/A,,Original,1216,3,CDER,,,,,25-Mar-10
,Pharmacia & Upjohn Company LLC,21106,Somavert,pegvisomant,351(a),25MG,For Injection,Subcutaneous,Single-Dose Vial,Rx,Licensed,31-Jul-14,N/A,N/A,44,Supplement,1216,4,CDER,,,,,25-Mar-10
,Pharmacia & Upjohn Company LLC,21106,Somavert,pegvisomant,351(a),30MG,For Injection,Subcutaneous,Single-Dose Vial,Rx,Licensed,31-Jul-14,N/A,N/A,44,Supplement,1216,5,CDER,,,,,25-Mar-10
,Novo Nordisk Inc.,21148,Norditropin,somatropin,351(a),5MG/1.5ML ,Injection ,Subcutaneous,Multi-Dose Cartridge,Disc,Licensed,20-Jun-00,N/A,N/A,,Original,1261,1,CDER,,,,,31-May-14
,Novo Nordisk Inc.,21148,Norditropin,somatropin,351(a),10MG/1.5ML ,Injection ,Subcutaneous,Multi-Dose Cartridge,Disc,Licensed,20-Jun-00,N/A,N/A,,Original,1261,2,CDER,,,,,31-May-14
,Novo Nordisk Inc.,21148,Norditropin,somatropin,351(a),15MG/1.5ML ,Injection ,Subcutaneous,Multi-Dose Cartridge,Disc,Licensed,20-Jun-00,N/A,N/A,,Original,1261,3,CDER,,,,,31-May-14
,Novo Nordisk Inc.,21148,Norditropin,somatropin,351(a),5MG/1.5ML ,Injection ,Subcutaneous,Autoinjector,Disc,Licensed,1-Oct-04,N/A,N/A,6,Supplement,1261,4,CDER,,,,,31-May-14
,Novo Nordisk Inc.,21148,Norditropin,somatropin,351(a),10MG/1.5ML ,Injection ,Subcutaneous,Autoinjector,Disc,Licensed,1-Oct-04,N/A,N/A,6,Supplement,1261,5,CDER,,,,,31-May-14
,Novo Nordisk Inc.,21148,Norditropin,somatropin,351(a),15MG/1.5ML ,Injection ,Subcutaneous,Autoinjector,Disc,Licensed,1-Oct-04,N/A,N/A,6,Supplement,1261,6,CDER,,,,,31-May-14
,Novo Nordisk Inc.,21148,Norditropin,somatropin,351(a),30MG/3ML ,Injection ,Subcutaneous,Autoinjector,Disc,Licensed,10-Mar-09,N/A,N/A,25,Supplement,1261,7,CDER,,,,,31-May-14
,Novo Nordisk Inc.,21148,Norditropin,somatropin,351(a),5MG/1.5ML ,Injection ,Subcutaneous,Autoinjector,Rx,Licensed,1-Mar-10,N/A,N/A,27,Supplement,1261,8,CDER,,,,,31-May-14
,Novo Nordisk Inc.,21148,Norditropin,somatropin,351(a),10MG/1.5ML ,Injection ,Subcutaneous,Autoinjector,Rx,Licensed,1-Mar-10,N/A,N/A,27,Supplement,1261,9,CDER,,,,,31-May-14
,Novo Nordisk Inc.,21148,Norditropin,somatropin,351(a),15MG/1.5ML ,Injection ,Subcutaneous,Autoinjector,Rx,Licensed,1-Mar-10,N/A,N/A,27,Supplement,1261,10,CDER,,,,,31-May-14
,Novo Nordisk Inc.,21148,Norditropin,somatropin,351(a),30MG/3ML,Injection ,Subcutaneous,Autoinjector,Rx,Licensed,23-Jan-15,N/A,N/A,42,Supplement,1261,11,CDER,,,,,31-May-14
,"EMD Serono, Inc.",21149,Ovidrel,choriogonadotropin alfa,351(a),250MCG,Injection ,Subcutaneous,Single-Dose Vial,Disc,Licensed,20-Sep-00,N/A,N/A,,Original,1773,1,CDER,,,,,
,"EMD Serono, Inc.",21149,Ovidrel,choriogonadotropin alfa,351(a),250MCG/0.5ML,Injection ,Subcutaneous,Pre-Filled Syringe,Rx,Licensed,14-Jul-03,N/A,N/A,6,Supplement,1773,2,CDER,,,,,
,Novo Nordisk Inc.,21172,Novolog Mix 70/30,insulin aspart protamine and insulin aspart,351(a),700UNITS/10ML (70UNITS/ML); 300UNITS/10ML (30UNITS/ML),Injectable Suspension,Subcutaneous,Multi-Dose Vial,Rx,Licensed,1-Nov-01,N/A,N/A,,Original,1261,1,CDER,,,,,
,Novo Nordisk Inc.,21172,Novolog Mix 70/30,insulin aspart protamine and insulin aspart,351(a),210UNITS/3ML (70UNITS/ML); 90UNITS/3ML (30UNITS/ML),Injectable Suspension,Subcutaneous,Autoinjector,Disc,Licensed,1-Nov-01,N/A,N/A,,Original,1261,2,CDER,,,,,
,Novo Nordisk Inc.,21172,Novolog Mix 70/30,insulin aspart protamine and insulin aspart,351(a),210UNITS/3ML (70UNITS/ML); 90UNITS/3ML (30UNITS/ML),Injectable Suspension,Subcutaneous,Pre-Filled Syringe,Disc,Licensed,1-Nov-01,N/A,N/A,,Original,1261,3,CDER,,,,,
,Novo Nordisk Inc.,21172,Novolog Mix 70/30,insulin aspart protamine and insulin aspart,351(a),210UNITS/3ML (70UNITS/ML); 90UNITS/3ML (30UNITS/ML),Injectable Suspension,Subcutaneous,Autoinjector,Rx,Licensed,3-May-02,N/A,N/A,1,Supplement,1261,4,CDER,,,,,
,"Organon USA LLC, a subsidiary of Organon & Co.",21211,Follistim AQ Cartridge,follitropin beta,351(a),300IU/0.36ML,Injection ,Subcutaneous,Multi-Dose Cartridge,Rx,Licensed,23-Mar-04,N/A,N/A,,Original,2331,1,CDER,,,,,
,"Organon USA LLC, a subsidiary of Organon & Co.",21211,Follistim AQ Cartridge,follitropin beta,351(a),600IU/0.72ML,Injection ,Subcutaneous,Multi-Dose Cartridge,Rx,Licensed,23-Mar-04,N/A,N/A,,Original,2331,2,CDER,,,,,
,"Organon USA LLC, a subsidiary of Organon & Co.",21211,Follistim AQ Cartridge,follitropin beta,351(a),175IU/0.21ML,Injection ,Subcutaneous,Multi-Dose Cartridge,Disc,Licensed,11-Feb-05,N/A,N/A,2,Supplement,2331,3,CDER,,,,,
,"Organon USA LLC, a subsidiary of Organon & Co.",21211,Follistim AQ Cartridge,follitropin beta,351(a),900IU/1.08ML,Injection ,Subcutaneous,Multi-Dose Cartridge,Rx,Licensed,11-Feb-05,N/A,N/A,2,Supplement,2331,4,CDER,,,,,
,"Bausch Health US, LLC",21271,Iprivask,desirudin,351(a),15MG,For Injection,Subcutaneous,Single-Dose Vial,Disc,Voluntarily Revoked,4-Apr-03,N/A,N/A,,Original,2181,1,CDER,,,,,
,"Organon USA Inc., a subsidiary of Merck & Co., Inc.",21273,Follistim AQ,follitropin beta,351(a),75IU/0.5ML,Injection ,"Subcutaneous, Intramuscular",Single-Dose Vial,Disc,Voluntarily Revoked,26-Aug-05,N/A,N/A,,Original,2193,1,CDER,,,,,
,"Organon USA Inc., a subsidiary of Merck & Co., Inc.",21273,Follistim AQ,follitropin beta,351(a),150IU/0.5ML,Injection ,"Subcutaneous, Intramuscular",Single-Dose Vial,Disc,Voluntarily Revoked,26-Aug-05,N/A,N/A,,Original,2193,2,CDER,,,,,
,Ferring Pharmaceuticals Inc.,21289,Bravelle,urofollitropin,351(a),75IU ,For Injection,"Subcutaneous, Intramuscular",Single-Dose Vial,Disc,Voluntarily Revoked,6-May-02,N/A,N/A,,Original,2112,1,CDER,,,,,
,Sandoz Inc.,21426,Omnitrope,somatropin,351(a),5.8MG,For Injection,Subcutaneous,Multi-Dose Vial,Rx,Licensed,30-May-06,N/A,N/A,,Original,2003,1,CDER,,,,,
,Sandoz Inc.,21426,Omnitrope,somatropin,351(a),1.5MG,For Injection,Subcutaneous,Single-Dose Vial,Disc,Licensed,30-May-06,N/A,N/A,,Original,2003,2,CDER,,,,,
,Sandoz Inc.,21426,Omnitrope,somatropin,351(a),5MG/1.5ML ,Injection ,Subcutaneous,Multi-Dose Cartridge,Rx,Licensed,16-Jan-08,N/A,N/A,2,Supplement,2003,3,CDER,,,,,
,Sandoz Inc.,21426,Omnitrope,somatropin,351(a),10MG/1.5ML ,Injection ,Subcutaneous,Multi-Dose Cartridge,Rx,Licensed,25-Aug-08,N/A,N/A,4,Supplement,2003,4,CDER,,,,,
,Novo Nordisk Inc.,21536,Levemir,insulin detemir,351(a),"1,000UNITS/10ML (100UNITS/ML)",Injection ,Subcutaneous,Multi-Dose Vial,Disc,Licensed,16-Jun-05,N/A,N/A,,Original,1261,1,CDER,,,,,
,Novo Nordisk Inc.,21536,Levemir,insulin detemir,351(a),300UNITS/3ML (100UNITS/ML),Injection ,Subcutaneous,Autoinjector,Disc,Licensed,16-Jun-05,N/A,N/A,,Original,1261,2,CDER,,,,,
,Novo Nordisk Inc.,21536,Levemir,insulin detemir,351(a),300UNITS/3ML (100UNITS/ML),Injection ,Subcutaneous,Autoinjector,Disc,Licensed,16-Jun-05,N/A,N/A,,Original,1261,3,CDER,,,,,
,Novo Nordisk Inc.,21536,Levemir,insulin detemir,351(a),300UNITS/3ML (100UNITS/ML),Injection ,Subcutaneous,Multi-Dose Cartridge,Disc,Licensed,16-Jun-05,N/A,N/A,,Original,1261,4,CDER,,,,,
,Novo Nordisk Inc.,21536,Levemir,insulin detemir,351(a),300UNITS/3ML (100UNITS/ML),Injection ,Subcutaneous,Autoinjector,Disc,Licensed,31-Oct-13,N/A,N/A,33,Supplement,1261,5,CDER,,,,,
,Emergent Biosolutions Canada Inc.,21538,Accretropin,somatropin,351(a),5MG/ML,Injection ,Subcutaneous,Multi-Dose Vial,Disc,Voluntarily Revoked,23-Jan-08,N/A,N/A,,Original,2084,1,CDER,,,,,
,Sanofi-Aventis U.S. LLC,21629,Apidra,insulin glulisine,351(a),"1,000UNITS/10ML (100UNITS/ML)",Injection ,"Intravenous, Subcutaneous ",Multi-Dose Vial,Rx,Licensed,16-Apr-04,N/A,N/A,,Original,1752,1,CDER,,,,,
,Sanofi-Aventis U.S. LLC,21629,Apidra,insulin glulisine,351(a),300UNITS/3ML (100UNITS/ML),Injection ,Subcutaneous,Multi-Dose Cartridge,Disc,Licensed,20-Dec-05,N/A,N/A,2,Supplement,1752,2,CDER,,,,,
,Sanofi-Aventis U.S. LLC,21629,Apidra,insulin glulisine,351(a),300UNITS/3ML (100UNITS/ML),Injection ,Subcutaneous,Autoinjector,Rx,Licensed,24-Feb-09,N/A,N/A,8,Supplement,1752,3,CDER,,,,,
,Bausch & Lomb Incorporated,21640,Vitrase,hyaluronidase,351(a),"6,200UNITS/ML",Injection ,"Infiltration, Interstitial, Intramuscular, Intraocular, Peribulbar, Retrobulbar, Soft Tissue, Subcutaneous",Single-Dose Vial,Disc,Licensed,5-May-04,N/A,N/A,,Original,2180,1,CDER,,,,,
,Bausch & Lomb Incorporated,21640,Vitrase,hyaluronidase,351(a),200UNITS/ML,Injection ,"Infiltration, Interstitial, Intramuscular, Intraocular, Peribulbar, Retrobulbar, Soft Tissue, Subcutaneous",Single-Dose Vial,Rx,Licensed,2-Dec-04,N/A,N/A,3,Supplement,2180,2,CDER,,,,,
,Ferring Pharmaceuticals Inc.,21663,Menopur,menotropins,351(a),75IU,For Injection,Subcutaneous,Single-Dose Vial,Rx,Licensed,29-Oct-04,N/A,N/A,,Original,2112,1,CDER,,,,,
,"Amphastar Pharmaceuticals, Inc.",21665,Amphadase,hyaluronidase,351(a),150UNITS/ML,Injection ,Subcutaneous,Single-Dose Vial,Rx,Licensed,26-Oct-04,N/A,N/A,,Original,2179,1,CDER,,,,,
,"EMD Serono, Inc.",21684,Gonal-f RFF RediJect,follitropin alfa,351(a),300IU/0.5ML,Injection ,Subcutaneous,Autoinjector,Rx,Licensed,25-May-04,N/A,N/A,,Original,1773,1,CDER,,,,,
,"EMD Serono, Inc.",21684,Gonal-f RFF RediJect,follitropin alfa,351(a),450IU/0.75ML,Injection ,Subcutaneous,Autoinjector,Rx,Licensed,25-May-04,N/A,N/A,,Original,1773,2,CDER,,,,,
,"EMD Serono, Inc.",21684,Gonal-f RFF RediJect,follitropin alfa,351(a),900IU/1.5ML,Injection ,Subcutaneous,Autoinjector,Rx,Licensed,25-May-04,N/A,N/A,,Original,1773,3,CDER,,,,,
,"Akorn, Inc.",21716,Hydase,hyaluronidase,351(a),150UNITS/ML,Injection ,Subcutaneous,Single-Dose Vial,Disc,Licensed,25-Oct-05,N/A,N/A,,Original,2173,1,CDER,,,,,
,"EMD Serono, Inc.",21765,Gonal-f RFF,follitropin alfa,351(a),37.5IU,For Injection,Subcutaneous,Single-Dose Vial,Disc,Licensed,25-Mar-04,N/A,N/A,,Original,1773,1,CDER,,,,,
,"EMD Serono, Inc.",21765,Gonal-f RFF,follitropin alfa,351(a),75IU,For Injection,Subcutaneous,Single-Dose Vial,Rx,Licensed,25-Mar-04,N/A,N/A,,Original,1773,2,CDER,,,,,
,"EMD Serono, Inc.",21765,Gonal-f RFF,follitropin alfa,351(a),150IU,For Injection,Subcutaneous,Single-Dose Vial,Disc,Licensed,25-Mar-04,N/A,N/A,,Original,1773,3,CDER,,,,,
,Novo Nordisk Inc.,21810,Novolog Mix 50/50,insulin aspart protamine and insulin aspart,351(a),150UNITS/3ML (50UNITS/ML); 150UNITS/3ML (50UNITS/ML),Injectable Suspension,Subcutaneous,Multi-Dose Cartridge,Disc,Voluntarily Revoked,26-Aug-08,N/A,N/A,,Original,1261,1,CDER,,,,,
,Novo Nordisk Inc.,21810,Novolog Mix 50/50,insulin aspart protamine and insulin aspart,351(a),150UNITS/3ML (50UNITS/ML); 150UNITS/3ML (50UNITS/ML),Injectable Suspension,Subcutaneous,Autoinjector,Disc,Voluntarily Revoked,26-Aug-08,N/A,N/A,,Original,1261,2,CDER,,,,,
,"Eton Pharmaceuticals, Inc.",21839,Increlex,mecasermin,351(a),40MG/4ML (10MG/ML),Injection ,Subcutaneous,Multi-Dose Vial,Rx,Licensed,30-Aug-05,N/A,N/A,,Original,2393,1,CDER,,,,,30-Aug-12
,Microbix Biosystems Inc.,21846,Kinlytic,urokinase,351(a),"250,000IU",For Injection,Intravenous,Single-Dose Vial,Disc,Licensed,16-Jan-78,N/A,N/A,,Original,2191,1,CDER,,,,,
,Microbix Biosystems Inc.,21846,Kinlytic,urokinase,351(a),"9,000IU",For Injection,Intravenous,Single-Dose Vial,Disc,Licensed,16-Jan-78,N/A,N/A,,Original,2191,2,CDER,,,,,
,Microbix Biosystems Inc.,21846,Kinlytic,urokinase,351(a),"5,000IU",For Injection,Intravenous,Single-Dose Vial,Disc,Licensed,16-Jan-78,N/A,N/A,,Original,2191,3,CDER,,,,,
,"Halozyme Therapeutics, Inc.",21859,Hylenex recombinant,hyaluronidase human,351(a),150UNITS/ML,Injection ,"Infiltration, Interstitial, Intramuscular, Intraocular, Peribulbar, Retrobulbar, Soft Tissue, Subcutaneous",Single-Dose Vial,Rx,Licensed,2-Dec-05,N/A,N/A,,Original,2187,1,CDER,,,,,
,Insmed Incorporated,21884,Iplex,mecasermin rinfabate,351(a),36MG/0.6ML (60MG/ML),Injection ,Subcutaneous,Single-Dose Vial,Disc,Voluntarily Revoked,12-Dec-05,N/A,N/A,,Original,2188,1,CDER,,,,,12-Dec-12
,"Digestive Care, Inc.",22175,Pertzye,pancrelipase,351(a),"8,000USP UNITS; 28,750USP UNITS; 30,250USP UNITS","Capsule, Delayed Release",Oral,,Rx,Licensed,17-May-12,N/A,N/A,,Original,2184,1,CDER,,,,,
,"Digestive Care, Inc.",22175,Pertzye,pancrelipase,351(a),"16,000USP UNITS; 57,500USP UNITS; 60,500USP UNITS","Capsule, Delayed Release",Oral,,Rx,Licensed,17-May-12,N/A,N/A,,Original,2184,2,CDER,,,,,
,"Digestive Care, Inc.",22175,Pertzye,pancrelipase,351(a),"4,000USP UNITS; 14,375USP UNITS; 15,125USP UNITS","Capsule, Delayed Release",Oral,,Rx,Licensed,6-Oct-16,N/A,N/A,3,Supplement,2184,3,CDER,,,,,
,"Digestive Care, Inc.",22175,Pertzye,pancrelipase,351(a),"24,000USP UNITS; 86,250USP UNITS; 90,750USP UNITS","Capsule, Delayed Release",Oral,,Rx,Licensed,13-Jul-17,N/A,N/A,5,Supplement,2184,4,CDER,,,,,
,"Zenpep, LLC",22210,Zenpep,pancrelipase,351(a),"5,000USP UNITS; 17,000USP UNITS; 24,000USP UNITS","Capsule, Delayed Release",Oral,,Rx,Licensed,27-Aug-09,N/A,N/A,,Original,2198,1,CDER,,,,,
,"Zenpep, LLC",22210,Zenpep,pancrelipase,351(a),"10,000USP UNITS; 32,000USP UNITS; 42,000USP UNITS","Capsule, Delayed Release",Oral,,Rx,Licensed,27-Aug-09,N/A,N/A,,Original,2198,2,CDER,,,,,
,"Zenpep, LLC",22210,Zenpep,pancrelipase,351(a),"15,000USP UNITS; 47,000USP UNITS; 63,000USP UNITS","Capsule, Delayed Release",Oral,,Rx,Licensed,27-Aug-09,N/A,N/A,,Original,2198,3,CDER,,,,,
,"Zenpep, LLC",22210,Zenpep,pancrelipase,351(a),"20,000USP UNITS; 63,000USP UNITS; 84,000USP UNITS","Capsule, Delayed Release",Oral,,Rx,Licensed,27-Aug-09,N/A,N/A,,Original,2198,4,CDER,,,,,
,"Zenpep, LLC",22210,Zenpep,pancrelipase,351(a),"3,000USP UNITS; 10,000USP UNITS; 14,000USP UNITS","Capsule, Delayed Release",Oral,,Rx,Licensed,15-Jun-11,N/A,N/A,6,Supplement,2198,5,CDER,,,,,
,"Zenpep, LLC",22210,Zenpep,pancrelipase,351(a),"25,000USP UNITS; 79,000USP UNITS; 105,000USP UNITS","Capsule, Delayed Release",Oral,,Rx,Licensed,13-Jul-11,N/A,N/A,5,Supplement,2198,6,CDER,,,,,
,"Zenpep, LLC",22210,Zenpep,pancrelipase,351(a),"40,000USP UNITS; 126,000USP UNITS; 168,000USP UNITS","Capsule, Delayed Release",Oral,,Rx,Licensed,25-Mar-14,N/A,N/A,16,Supplement,2198,7,CDER,,,,,
,"Zenpep, LLC",22210,Zenpep,pancrelipase,351(a),"60,000USP UNITS; 189,600USP UNITS; 252,600USP UNITS","Capsule, Delayed Release",Oral,,Rx,Licensed,27-Oct-23,N/A,N/A,27,Supplement,2198,8,CDER,,,,,
,Pfizer Inc.,22458,Elelyso,taliglucerase alfa,351(a),200UNITS,For Injection,Intravenous,Single-Dose Vial,Rx,Licensed,1-May-12,N/A,N/A,,Original,2001,1,CDER,,,,,
,Mannkind Corporation,22472,Afrezza,insulin human,351(a),4UNITS/INH,Powder,Inhalation,Single-Dose Cartridge,Rx,Licensed,27-Jun-14,N/A,N/A,,Original,2190,1,CDER,,,,,
,Mannkind Corporation,22472,Afrezza,insulin human,351(a),8UNITS/INH,Powder,Inhalation,Single-Dose Cartridge,Rx,Licensed,27-Jun-14,N/A,N/A,,Original,2190,2,CDER,,,,,
,Mannkind Corporation,22472,Afrezza,insulin human,351(a),12UNITS/INH,Powder,Inhalation,Single-Dose Cartridge,Rx,Licensed,17-Apr-15,N/A,N/A,3,Supplement,2190,3,CDER,,,,,
,Theratechnologies Inc.,22505,Egrifta,tesamorelin,351(a),1MG ,For Injection,Subcutaneous,Single-Dose Vial,Disc,Licensed,10-Nov-10,N/A,N/A,,Original,2091,1,CDER,,,,,
,Theratechnologies Inc.,22505,Egrifta SV,tesamorelin,351(a),2MG ,For Injection,Subcutaneous,Single-Dose Vial,Rx,Licensed,29-Nov-11,N/A,N/A,1,Supplement,2091,2,CDER,,,,,
,VIVUS LLC,22523,Pancreaze,pancrelipase,351(a),"4,200USP UNITS; 14,200USP UNITS; 24,600USP UNITS","Capsule, Delayed Release",Oral,,Rx,Licensed,12-Apr-10,N/A,N/A,,Original,2197,1,CDER,,,,,
,VIVUS LLC,22523,Pancreaze,pancrelipase,351(a),"10,500USP UNITS; 35,500USP UNITS; 61,500USP UNITS","Capsule, Delayed Release",Oral,,Rx,Licensed,12-Apr-10,N/A,N/A,,Original,2197,2,CDER,,,,,
,VIVUS LLC,22523,Pancreaze,pancrelipase,351(a),"16,800USP UNITS; 56,800USP UNITS; 98,400USP UNITS","Capsule, Delayed Release",Oral,,Rx,Licensed,12-Apr-10,N/A,N/A,,Original,2197,3,CDER,,,,,
,VIVUS LLC,22523,Pancreaze,pancrelipase,351(a),"21,000USP UNITS; 54,700USP UNITS; 83,900USP UNITS","Capsule, Delayed Release",Oral,,Rx,Licensed,12-Apr-10,N/A,N/A,,Original,2197,4,CDER,,,,,
,VIVUS LLC,22523,Pancreaze,pancrelipase,351(a),"2,600USP UNITS; 8,800USP UNITS; 15,200USP UNITS","Capsule, Delayed Release",Oral,,Rx,Licensed,7-Mar-14,N/A,N/A,4,Supplement,2197,5,CDER,,,,,
,VIVUS LLC,22523,Pancreaze,pancrelipase,351(a),"37,000USP UNITS; 97,300USP UNITS; 149,900USP UNITS","Capsule, Delayed Release",Oral,,Rx,Licensed,26-Apr-21,N/A,N/A,16,Supplement,2197,6,CDER,,,,,
,"Viokace, LLC",22542,Viokace,pancrelipase,351(a),"10,440USP UNITS; 39,150USP UNITS; 39,150USP UNITS",Tablet,Oral,,Rx,Licensed,1-Mar-12,N/A,N/A,,Original,2196,1,CDER,,,,,
,"Viokace, LLC",22542,Viokace,pancrelipase,351(a),"20,880USP UNITS; 78,300USP UNITS; 78,300USP UNITS",Tablet,Oral,,Rx,Licensed,1-Mar-12,N/A,N/A,,Original,2196,2,CDER,,,,,
,"Takeda Pharmaceuticals U.S.A., Inc.",22575,VPRIV,velaglucerase alfa,351(a),400UNITS,For Injection,Intravenous,Single-Dose Vial,Rx,Licensed,26-Feb-10,N/A,N/A,,Original,1898,1,CDER,,,,,
,"Takeda Pharmaceuticals U.S.A., Inc.",22575,VPRIV,velaglucerase alfa,351(a),200UNITS,For Injection,Intravenous,Single-Dose Vial,Disc,Licensed,26-Feb-10,N/A,N/A,,Original,1898,2,CDER,,,,,
,"AllerQuest, LLC",50114,Pre-Pen,benzylpenicilloyl polylysine,351(a),0.25ML,Injection ,Intradermal,Ampule,Rx,Licensed,25-Jul-74,N/A,N/A,,Original,2265,1,CDER,,,,,
,"Parke-Davis, a Division of Pfizer Inc.",50294,Elase-chloromycetin,"fibrinolysin and desoxyribonuclease combined [bovine], with chloramphenicol",351(a),10MG/GM; 666UNITS/GM; 1UNIT/GM,Ointment,Topical,Tube,Disc,Voluntarily Revoked,1-Apr-64,N/A,N/A,,Original,2205,1,CDER,,,,,
,Merck Sharp & Dohme LLC,101062,,Antivenin (Latrodectus mactans),351(a),NLT6000U,For Injection,Intravenous,Single-Dose Vial,Rx,Licensed,13-Feb-36, ,N/A,0,Original,2,1,CBER,,,,,
,Merck Sharp & Dohme LLC,101062,,Antivenin (Latrodectus mactans),351(a),NLT6000U,For Injection,Intramuscular,Single-Dose Vial,Rx,Licensed,13-Feb-36, ,N/A,0,Original,2,2,CBER,,,,,
,"Recordati Rare Diseases, Inc.",101063,Elspar,asparaginase,351(a),"10,000INTERNATIONAL UNITS",For Injection,"Intravenous, Intramuscular",Single-Dose Vial,Disc,Licensed,10-Jan-78,N/A,N/A,,Original,1899,1,CDER,,,,,
,Merck Sharp & Dohme LLC,101066,"Recombivax, Recombivax Hb",Hepatitis B Vaccine (Recombinant),351(a),5UG/ML,Injection,Intramuscular,Single-Dose Vial,Rx,Licensed,23-Jul-86, ,N/A,0,Original,2,1,CBER,,,,,
,Merck Sharp & Dohme LLC,101066,"Recombivax, Recombivax Hb",Hepatitis B Vaccine (Recombinant),351(a),40UG/ML,Injection,Intramuscular,Single-Dose Vial,Rx,Licensed,23-Jul-86, ,N/A,0,Original,2,2,CBER,,,,,
,Merck Sharp & Dohme LLC,101066,"Recombivax, Recombivax Hb",Hepatitis B Vaccine (Recombinant),351(a),10UG/ML,Injection,Intramuscular,Single-Dose Vial,Rx,Licensed,23-Jul-86, ,N/A,0,Original,2,3,CBER,,,,,
,Merck Sharp & Dohme LLC,101068,ATTENUVAX,Measles Virus Vaccine Live,351(a),NLT1000U/.5ML,For Injection,Subcutaneous,Vial,Disc,Voluntarily Revoked,21-Mar-63, , ,0,Original,2,1,CBER,,,,,
,Merck Sharp & Dohme LLC,101069,M-M-R Ii,"Measles, Mumps and Rubella Virus Vaccine Live",351(a),0.5ML,For Injection,Subcutaneous,Single-Dose Vial,Rx,Licensed,22-Apr-71, ,N/A,0,Original,2,1,CBER,,,,,
,Merck Sharp & Dohme LLC,101069,M-M-R Ii,"Measles, Mumps and Rubella Virus Vaccine Live",351(a),0.5ML,For Injection,Intramuscular,Single-Dose Vial,Rx,Licensed,27-Feb-23, ,N/A,5846,Supplement,2,2,CBER,,,,,
,Merck Sharp & Dohme LLC,101072,MumpsVax,Mumps Virus Vaccine Live,351(a),0.5ML,For Injection,Subcutaneous,Vial,Disc,Voluntarily Revoked,28-Dec-67, , ,0,Original,2,1,CBER,,,,,
,Merck Sharp & Dohme LLC,101075,MERUVAX II,Rubella Virus Vaccine Live,351(a),NLT1000U/.5ML,For Injection,Subcutaneous,Vial,Disc,Voluntarily Revoked,9-Jun-69, , ,0,Original,2,1,CBER,,,,,
,Merck Sharp & Dohme LLC,101094,Pneumovax 23,"Pneumococcal Vaccine, Polyvalent",351(a),25UG/.5ML,Injection,Intramuscular,Vial,Rx,Licensed,21-Nov-77, ,N/A,0,Original,2,1,CBER,,,,,
,Merck Sharp & Dohme LLC,101094,Pneumovax 23,"Pneumococcal Vaccine, Polyvalent",351(a),25UG/.5ML,Injection,Subcutaneous,Vial,Rx,Licensed,21-Nov-77, ,N/A,0,Original,2,2,CBER,,,,,
,Wyeth Pharmaceuticals LLC,101098,,Antivenin (Crotalidae) Polyvalent,351(a),10ML,For Injection,Intravenous,Vial,Disc,Voluntarily Revoked,8-Feb-54, ,N/A,0,Original,3,1,CBER,,,,,
,Wyeth Pharmaceuticals LLC,101099,,Antivenin (Micrurus fulvius),351(a),10ML,For Injection,Intravenous,Vial,Rx,Licensed,28-Aug-67, ,N/A,0,Original,3,1,CBER,,,,,
,Grifols Therapeutics LLC,101130,"Koate, Koate-Dvi",Antihemophilic Factor (Human),351(a),"1,000IU",For Injection,Intravenous,Single-Dose Vial,Rx,Licensed,24-Jan-74, ,N/A,0,Original,1871,1,CBER,,,,,
,Grifols Therapeutics LLC,101130,"Koate, Koate-Dvi",Antihemophilic Factor (Human),351(a),250IU,For Injection,Intravenous,Single-Dose Vial,Rx,Licensed,24-Jan-74, ,N/A,0,Original,1871,2,CBER,,,,,
,Grifols Therapeutics LLC,101130,"Koate, Koate-Dvi",Antihemophilic Factor (Human),351(a),500IU,For Injection,Intravenous,Single-Dose Vial,Rx,Licensed,24-Jan-74, ,N/A,0,Original,1871,3,CBER,,,,,
,Grifols Therapeutics LLC,101134,"Baygam, Gamastan S/D",Immune Globulin (Human),351(a),0.165,Injection,Intramuscular,Single-Dose Vial,Rx,Licensed,11-Jan-44, ,N/A,0,Original,1871,1,CBER,,,,,
,Grifols Therapeutics LLC,101138,"Albuked, Plasbumin-20, Plasbumin-25, Plasbumin-5",Albumin (Human),351(a),2.5G/50ML,For Injection,Intravenous,Single-Dose Vial,Rx,Licensed,21-Oct-42, ,N/A,0,Original,1871,1,CBER,,,,,
,Grifols Therapeutics LLC,101138,"Albuked, Plasbumin-20, Plasbumin-25, Plasbumin-5",Albumin (Human),351(a),25G/100ML,For Injection,Intravenous,Single-Dose Vial,Rx,Licensed,21-Oct-42, ,N/A,0,Original,1871,2,CBER,,,,,
,Grifols Therapeutics LLC,101138,"Albuked, Plasbumin-20, Plasbumin-25, Plasbumin-5",Albumin (Human),351(a),20G/100ML,For Injection,Intravenous,Single-Dose Vial,Rx,Licensed,21-Oct-42, ,N/A,0,Original,1871,3,CBER,,,,,
,Grifols Therapeutics LLC,101138,"Albuked, Plasbumin-20, Plasbumin-25, Plasbumin-5",Albumin (Human),351(a),10G/50ML,For Injection,Intravenous,Single-Dose Vial,Rx,Licensed,21-Oct-42, ,N/A,0,Original,1871,4,CBER,,,,,
,Grifols Therapeutics LLC,101138,"Albuked, Plasbumin-20, Plasbumin-25, Plasbumin-5",Albumin (Human),351(a),12.5G/50ML,For Injection,Intravenous,Single-Dose Vial,Rx,Licensed,21-Oct-42, ,N/A,0,Original,1871,5,CBER,,,,,
,Grifols Therapeutics LLC,101138,"Albuked, Plasbumin-20, Plasbumin-25, Plasbumin-5",Albumin (Human),351(a),5G/20ML,For Injection,Intravenous,Single-Dose Vial,Rx,Licensed,21-Oct-42, ,N/A,0,Original,1871,6,CBER,,,,,
,Grifols Therapeutics LLC,101138,"Albuked, Plasbumin-20, Plasbumin-25, Plasbumin-5",Albumin (Human),351(a),25G/500ML,For Injection,Intravenous,Single-Dose Vial,Rx,Licensed,21-Oct-42, ,N/A,0,Original,1871,7,CBER,,,,,
,Grifols Therapeutics LLC,101138,"Albuked, Plasbumin-20, Plasbumin-25, Plasbumin-5",Albumin (Human),351(a),12.5G/250ML,For Injection,Intravenous,Single-Dose Vial,Rx,Licensed,21-Oct-42, ,N/A,0,Original,1871,8,CBER,,,,,
,Grifols Therapeutics LLC,101140,Plasmanate,Plasma Protein Fraction (Human),351(a),25G/500ML,Injection,Intravenous,Single-Dose Vial,Disc,Licensed,2-Oct-58, ,N/A,0,Original,1871,1,CBER,,,,,
,Grifols Therapeutics LLC,101140,Plasmanate,Plasma Protein Fraction (Human),351(a),2.5G/50ML,Injection,Intravenous,Single-Dose Vial,Disc,Licensed,2-Oct-58, ,N/A,0,Original,1871,2,CBER,,,,,
,Grifols Therapeutics LLC,101140,Plasmanate,Plasma Protein Fraction (Human),351(a),12.5G/250ML,Injection,Intravenous,Single-Dose Vial,Rx,Licensed,2-Oct-58, ,N/A,0,Original,1871,3,CBER,,,,,
,Grifols Therapeutics LLC,101141,"Bayrho-D, Hyprho-D, Hyperrho S/D Full Dose, Hyperrho S/D Mini-Dose",Rho(D) Immune Globulin (Human),351(a),1500IU,Injection,Intramuscular,Pre-Filled Syringe,Rx,Licensed,11-Jun-71, ,N/A,0,Original,1871,1,CBER,,,,,
,Grifols Therapeutics LLC,101141,"Bayrho-D, Hyprho-D, Hyperrho S/D Full Dose, Hyperrho S/D Mini-Dose",Rho(D) Immune Globulin (Human),351(a),250IU,Injection,Intramuscular,Pre-Filled Syringe,Rx,Licensed,11-Jun-71, ,N/A,0,Original,1871,2,CBER,,,,,
,Grifols Therapeutics LLC,101142,"Baytet, Hypertet",Tetanus Immune Globulin (Human),351(a),250U,Injection,Intramuscular,Pre-Filled Syringe,Rx,Licensed,17-Oct-57, ,N/A,0,Original,1871,1,CBER,,,,,
,Grifols Therapeutics LLC,101144,"Bayrab, Hyperrab",Rabies Immune Globulin (Human),351(a),300IU/ML,Injection,Intramuscular,Single-Dose Vial,Rx,Licensed,12-Jun-74, ,N/A,0,Original,1871,1,CBER,,,,,
,Grifols Therapeutics LLC,101144,"Bayrab, Hyperrab",Rabies Immune Globulin (Human),351(a),1500IU/5 ML,Injection,Intramuscular,Single-Dose Vial,Rx,Licensed,12-Jun-74, ,N/A,0,Original,1871,2,CBER,,,,,
,Grifols Therapeutics LLC,101144,"Bayrab,Hyperrab",Rabies Immune Globulin (Human),351(a),900 IU/ 3ML,Injection,Intramuscular,Single-Dose Vial,Rx,Licensed,6-Nov-19, ,N/A,5817,Supplement,1871,3,CBER,,,,,
,Grifols Therapeutics LLC,101146,"Bayhep B, Hyperhep B S/D",Hepatitis B Immune Globulin (Human),351(a),220U/ML,Injection,Intramuscular,Pre-Filled Syringe,Rx,Licensed,23-Sep-77, ,N/A,0,Original,1871,1,CBER,,,,,
,Grifols Therapeutics LLC,101146,"Bayhep B, Hyperhep B S/D",Hepatitis B Immune Globulin (Human),351(a),220U/ML,Injection,Intramuscular,Single-Dose Vial,Rx,Licensed,23-Sep-77, ,N/A,0,Original,1871,2,CBER,,,,,
,Grifols Therapeutics LLC,101146,"Bayhep B, Hyperhep B S/D",Hepatitis B Immune Globulin (Human),351(a),220U/.5ML,Injection,Intramuscular,Pre-Filled Syringe,Rx,Licensed,23-Sep-77, ,N/A,0,Original,1871,3,CBER,,,,,
,Grifols Therapeutics LLC,101146,"Bayhep B, Hyperhep B S/D",Hepatitis B Immune Globulin (Human),351(a),220U/.5ML,Injection,Intramuscular,Single-Dose Vial,Rx,Licensed,23-Sep-77, ,N/A,0,Original,1871,4,CBER,,,,,
,Grifols Therapeutics LLC,101146,"Bayhep B, Hyperhep B S/D",Hepatitis B Immune Globulin (Human),351(a),220IU/5ML,Injection,Intramuscular,Single-Dose Vial,Rx,Licensed,23-Sep-77, ,N/A,0,Original,1871,5,CBER,,,,,
,Grifols Therapeutics LLC,101147,Gamimune,Immune Globulin Intravenous (Human),351(a),5PCT,Injection,Intravenous,Vial,Disc,Voluntarily Revoked,11-Sep-81, , ,0,Original,1871,1,CBER,,,,,
,Grifols Therapeutics LLC,101147,Gamimune,Immune Globulin Intravenous (Human),351(a),10PCT,Injection,Intravenous,Vial,Disc,Voluntarily Revoked,11-Sep-81, , ,0,Original,1871,2,CBER,,,,,
,"Recordati Rare Diseases, Inc.",101246,Panhematin,Hemin for Injection,351(a),350MG,For Injection,Intravenous,Single-Dose Vial,Rx,Licensed,20-Jul-83, ,N/A,5350,Supplement,1899,1,CBER,,,,,20-Jul-90
,MassBiologics,101322,Tdvax,Tetanus and Diphtheria Toxoids Adsorbed,351(a),0.5ML,Injection,Intramuscular,Single-Dose Vial,Disc,Licensed,27-Jul-70, ,N/A,0,Original,1779,1,CBER,,,,,
,"Allergy Laboratories, Inc.",101377,,"Insects (Whole Body), Mite Dermatophagoides farinae",351(a),"10,000AU/ML",Injection,Subcutaneous,Multi-Dose Vial,Disc,Voluntarily Revoked,11-Jul-30, ,N/A,0,Original,103,1,CBER,,,,,
,"Allergy Laboratories, Inc.",101377,,"Insects (Whole Body), Mite Dermatophagoides farinae",351(a),"10,000AU/ML",Injection,Percutaneous,Dropper Vial,Disc,Voluntarily Revoked,11-Jul-30, ,N/A,0,Original,103,2,CBER,,,,,
,"Allergy Laboratories, Inc.",101378,,"Insects (Whole Body), Mite Dermatophagoides pteronyssinus",351(a),"10,000AU/ML",Injection,Percutaneous,Dropper Vial,Disc,Voluntarily Revoked,11-Jul-30, ,N/A,0,Original,103,1,CBER,,,,,
,"Allergy Laboratories, Inc.",101378,,"Insects (Whole Body), Mite Dermatophagoides pteronyssinus",351(a),"10,000AU/ML",Injection,Subcutaneous,Multi-Dose Vial,Disc,Voluntarily Revoked,11-Jul-30, ,N/A,0,Original,103,2,CBER,,,,,
,"Allergy Laboratories, Inc.",101379,,"Pollens - Grasses, Bermuda Grass Cynodon dactylon",351(a),"10,000BAU/ML",Injection,Percutaneous,Dropper Vial,Disc,Voluntarily Revoked,14-Jun-30, ,N/A,0,Original,103,1,CBER,,,,,
,"Allergy Laboratories, Inc.",101379,,"Pollens - Grasses, Bermuda Grass Cynodon dactylon",351(a),"10,000BAU/ML",Injection,Subcutaneous,Multi-Dose Vial,Disc,Voluntarily Revoked,14-Jun-30, ,N/A,0,Original,103,2,CBER,,,,,
,"Allergy Laboratories, Inc.",101380,,"Pollens - Grasses, Bluegrass, Kentucky (June) Poa pratensis",351(a),"10,000BAU/ML ",Injection,Percutaneous,Dropper Vial,Disc,Voluntarily Revoked,14-Jun-30, ,N/A,0,Original,103,1,CBER,,,,,
,"Allergy Laboratories, Inc.",101380,,"Pollens - Grasses, Bluegrass, Kentucky (June) Poa pratensis",351(a),"10,000BAU/ML ",Injection,Subcutaneous,Multi-Dose Vial,Disc,Voluntarily Revoked,14-Jun-30, ,N/A,0,Original,103,2,CBER,,,,,
,"Allergy Laboratories, Inc.",101380,,"Pollens - Grasses, Bluegrass, Kentucky (June) Poa pratensis",351(a),"100,000BAU/ML",Injection,Percutaneous,Dropper Vial,Disc,Voluntarily Revoked,14-Jun-30, ,N/A,0,Original,103,3,CBER,,,,,
,"Allergy Laboratories, Inc.",101380,,"Pollens - Grasses, Bluegrass, Kentucky (June) Poa pratensis",351(a),"100,000BAU/ML",Injection,Subcutaneous,Multi-Dose Vial,Disc,Voluntarily Revoked,14-Jun-30, ,N/A,0,Original,103,4,CBER,,,,,
,"Allergy Laboratories, Inc.",101381,,"Pollens - Grasses, Fescue, Meadow Festuca elatior",351(a),"10,000BAU/ML ",Injection,Percutaneous,Dropper Vial,Disc,Voluntarily Revoked,14-Jun-30, ,N/A,0,Original,103,1,CBER,,,,,
,"Allergy Laboratories, Inc.",101381,,"Pollens - Grasses, Fescue, Meadow Festuca elatior",351(a),"10,000BAU/ML ",Injection,Subcutaneous,Multi-Dose Vial,Disc,Voluntarily Revoked,14-Jun-30, ,N/A,0,Original,103,2,CBER,,,,,
,"Allergy Laboratories, Inc.",101381,,"Pollens - Grasses, Fescue, Meadow Festuca elatior",351(a),"100,000BAU/ML",Injection,Percutaneous,Dropper Vial,Disc,Voluntarily Revoked,14-Jun-30, ,N/A,0,Original,103,3,CBER,,,,,
,"Allergy Laboratories, Inc.",101381,,"Pollens - Grasses, Fescue, Meadow Festuca elatior",351(a),"100,000BAU/ML",Injection,Subcutaneous,Multi-Dose Vial,Disc,Voluntarily Revoked,14-Jun-30, ,N/A,0,Original,103,4,CBER,,,,,
,"Allergy Laboratories, Inc.",101382,,"Pollens - Grasses, Orchard Grass Dactylis glomerata",351(a),"10,000BAU/ML",Injection,Percutaneous,Dropper Vial,Disc,Voluntarily Revoked,14-Jun-30, ,N/A,0,Original,103,1,CBER,,,,,
,"Allergy Laboratories, Inc.",101382,,"Pollens - Grasses, Orchard Grass Dactylis glomerata",351(a),"10,000BAU/ML",Injection,Subcutaneous,Multi-Dose Vial,Disc,Voluntarily Revoked,14-Jun-30, ,N/A,0,Original,103,2,CBER,,,,,
,"Allergy Laboratories, Inc.",101382,,"Pollens - Grasses, Orchard Grass Dactylis glomerata",351(a),"100,000BAU/ML",Injection,Percutaneous,Dropper Vial,Disc,Voluntarily Revoked,14-Jun-30, ,N/A,0,Original,103,3,CBER,,,,,
,"Allergy Laboratories, Inc.",101382,,"Pollens - Grasses, Orchard Grass Dactylis glomerata",351(a),"100,000BAU/ML",Injection,Subcutaneous,Multi-Dose Vial,Disc,Voluntarily Revoked,29-May-97, ,N/A,0,Original,103,4,CBER,,,,,
,"Allergy Laboratories, Inc.",101383,,"Pollens - Grasses, Redtop Agrostis alba",351(a),"10,000BAU/ML",Injection,Percutaneous,Dropper Vial,Disc,Voluntarily Revoked,14-Jun-30, ,N/A,0,Original,103,1,CBER,,,,,
,"Allergy Laboratories, Inc.",101383,,"Pollens - Grasses, Redtop Agrostis alba",351(a),"10,000BAU/ML",Injection,Subcutaneous,Multi-Dose Vial,Disc,Voluntarily Revoked,14-Jun-30, ,N/A,0,Original,103,2,CBER,,,,,
,"Allergy Laboratories, Inc.",101383,,"Pollens - Grasses, Redtop Agrostis alba",351(a),"100,000BAU/ML",Injection,Percutaneous,Dropper Vial,Disc,Voluntarily Revoked,14-Jun-30, ,N/A,0,Original,103,3,CBER,,,,,
,"Allergy Laboratories, Inc.",101383,,"Pollens - Grasses, Redtop Agrostis alba",351(a),"100,000BAU/ML",Injection,Subcutaneous,Multi-Dose Vial,Disc,Voluntarily Revoked,14-Jun-30, ,N/A,0,Original,103,4,CBER,,,,,
,"Allergy Laboratories, Inc.",101384,,"Pollens - Grasses, Ryegrass, Perennial Lolium perenne",351(a),"10,000BAU/ML",Injection,Percutaneous,Dropper Vial,Disc,Voluntarily Revoked,14-Jun-30, ,N/A,0,Original,103,1,CBER,,,,,
,"Allergy Laboratories, Inc.",101384,,"Pollens - Grasses, Ryegrass, Perennial Lolium perenne",351(a),"10,000BAU/ML",Injection,Subcutaneous,Multi-Dose Vial,Disc,Voluntarily Revoked,14-Jun-30, ,N/A,0,Original,103,2,CBER,,,,,
,"Allergy Laboratories, Inc.",101384,,"Pollens - Grasses, Ryegrass, Perennial Lolium perenne",351(a),"100,000BAU/ML",Injection,Percutaneous,Dropper Vial,Disc,Voluntarily Revoked,14-Jun-30, ,N/A,0,Original,103,3,CBER,,,,,
,"Allergy Laboratories, Inc.",101384,,"Pollens - Grasses, Ryegrass, Perennial Lolium perenne",351(a),"100,000BAU/ML",Injection,Subcutaneous,Multi-Dose Vial,Disc,Voluntarily Revoked,25-Jun-97, ,N/A,0,Original,103,4,CBER,,,,,
,"Allergy Laboratories, Inc.",101385,,"Pollens - Grasses, Sweet Vernal Grass Anthoxanthum odoratum",351(a),"10,000BAU/ML ",Injection,Percutaneous,Dropper Vial,Disc,Voluntarily Revoked,14-Jun-30, ,N/A,0,Original,103,1,CBER,,,,,
,"Allergy Laboratories, Inc.",101385,,"Pollens - Grasses, Sweet Vernal Grass Anthoxanthum odoratum",351(a),"10,000BAU/ML ",Injection,Subcutaneous,Multi-Dose Vial,Disc,Voluntarily Revoked,14-Jun-30, ,N/A,0,Original,103,2,CBER,,,,,
,"Allergy Laboratories, Inc.",101385,,"Pollens - Grasses, Sweet Vernal Grass Anthoxanthum odoratum",351(a),"100,000BAU/ML",Injection,Percutaneous,Dropper Vial,Disc,Voluntarily Revoked,14-Jun-30, ,N/A,0,Original,103,3,CBER,,,,,
,"Allergy Laboratories, Inc.",101385,,"Pollens - Grasses, Sweet Vernal Grass Anthoxanthum odoratum",351(a),"100,000BAU/ML",Injection,Subcutaneous,Multi-Dose Vial,Disc,Voluntarily Revoked,14-Jun-30, ,N/A,0,Original,103,4,CBER,,,,,
,"Allergy Laboratories, Inc.",101386,,"Pollens - Grasses, Timothy Phleum pratense",351(a),"10,000BAU/ML ",Injection,Percutaneous,Dropper Vial,Disc,Voluntarily Revoked,14-Jun-30, ,N/A,0,Original,103,1,CBER,,,,,
,"Allergy Laboratories, Inc.",101386,,"Pollens - Grasses, Timothy Phleum pratense",351(a),"10,000BAU/ML ",Injection,Subcutaneous,Multi-Dose Vial,Disc,Voluntarily Revoked,14-Jun-30, ,N/A,0,Original,103,2,CBER,,,,,
,"Allergy Laboratories, Inc.",101386,,"Pollens - Grasses, Timothy Phleum pratense",351(a),"100,000BAU/ML",Injection,Percutaneous,Dropper Vial,Disc,Voluntarily Revoked,14-Jun-30, ,N/A,0,Original,103,3,CBER,,,,,
,"Allergy Laboratories, Inc.",101386,,"Pollens - Grasses, Timothy Phleum pratense",351(a),"100,000BAU/ML",Injection,Subcutaneous,Multi-Dose Vial,Disc,Voluntarily Revoked,14-Jun-30, ,N/A,0,Original,103,4,CBER,,,,,
,"Allergy Laboratories, Inc.",101387,,"Pollens - Weeds and Garden Plants, Ragweed, Short Ambrosia artemisiifolia",351(a),1:10W/V,Injection,Percutaneous,Dropper Vial,Disc,Voluntarily Revoked,14-Jun-30, ,N/A,0,Original,103,1,CBER,,,,,
,"Allergy Laboratories, Inc.",101387,,"Pollens - Weeds and Garden Plants, Ragweed, Short Ambrosia artemisiifolia",351(a),1:10W/V,Injection,Intradermal,Multi-Dose Vial,Disc,Voluntarily Revoked,14-Jun-30, ,N/A,0,Original,103,2,CBER,,,,,
,"Allergy Laboratories, Inc.",101387,,"Pollens - Weeds and Garden Plants, Ragweed, Short Ambrosia artemisiifolia",351(a),1:10W/V,Injection,Subcutaneous,Multi-Dose Vial,Disc,Voluntarily Revoked,14-Jun-30, ,N/A,0,Original,103,3,CBER,,,,,
,"Takeda Pharmaceuticals U.S.A., Inc.",101447,"Autoplex, Feiba Nf, Feiba Vh",Anti-Inhibitor Coagulant Complex,351(a),1000IU ,For Injection,Intravenous,Bottle,Disc,Licensed,21-Dec-79, ,N/A,0,Original,1898,1,CBER,,,,,16-Dec-20
,"Takeda Pharmaceuticals U.S.A., Inc.",101447,"Autoplex, Feiba Nf, Feiba Vh",Anti-Inhibitor Coagulant Complex,351(a),500IU ,For Injection,Intravenous,Bottle,Disc,Licensed,21-Dec-79, ,N/A,0,Original,1898,2,CBER,,,,,16-Dec-20
,"Takeda Pharmaceuticals U.S.A., Inc.",101447,"Autoplex, Feiba Nf, Feiba Vh",Anti-Inhibitor Coagulant Complex,351(a),1000U,For Injection,Intravenous,Single-Dose Vial,Rx,Licensed,31-Jul-00, ,N/A,1029,Supplement,1898,3,CBER,,,,,16-Dec-20
,"Takeda Pharmaceuticals U.S.A., Inc.",101447,"Autoplex, Feiba Nf, Feiba Vh",Anti-Inhibitor Coagulant Complex,351(a),500U,For Injection,Intravenous,Bottle,Rx,Licensed,31-Jul-00, ,N/A,1029,Supplement,1898,4,CBER,,,,,16-Dec-20
,"Takeda Pharmaceuticals U.S.A., Inc.",101447,"Autoplex, Feiba Nf, Feiba Vh",Anti-Inhibitor Coagulant Complex,351(a),2500U,For Injection,Intravenous,Single-Dose Vial,Rx,Licensed,11-Aug-05, ,N/A,5126,Supplement,1898,5,CBER,,,,,16-Dec-20
,"Takeda Pharmaceuticals U.S.A., Inc.",101448,Hemofil M,Antihemophilic Factor (Human),351(a),250IU,For Injection,Intravenous,Single-Dose Vial,Rx,Licensed,14-Mar-01, ,N/A,1062,Supplement,1898,1,CBER,,,,,
,"Takeda Pharmaceuticals U.S.A., Inc.",101448,Hemofil M,Antihemophilic Factor (Human),351(a),1000IU,For Injection,Intravenous,Single-Dose Vial,Rx,Licensed,14-Mar-01, ,N/A,1062,Supplement,1898,2,CBER,,,,,
,"Takeda Pharmaceuticals U.S.A., Inc.",101448,Hemofil M,Antihemophilic Factor (Human),351(a),1700IU,For Injection,Intravenous,Single-Dose Vial,Rx,Licensed,14-Mar-01, ,N/A,1062,Supplement,1898,3,CBER,,,,,
,"Takeda Pharmaceuticals U.S.A., Inc.",101448,Hemofil M,Antihemophilic Factor (Human),351(a),500IU,For Injection,Intravenous,Single-Dose Vial,Rx,Licensed,14-Mar-01, ,N/A,1062,Supplement,1898,4,CBER,,,,,
,"Takeda Pharmaceuticals U.S.A., Inc.",101452,"Buminate, Flexbumin",Albumin (Human),351(a),20G/100ML,Injection,Intravenous,Bottle,Rx,Licensed,3-Mar-54, ,N/A,0,Original,1898,1,CBER,,,,,
,"Takeda Pharmaceuticals U.S.A., Inc.",101452,"Buminate, Flexbumin",Albumin (Human),351(a),25G/100ML,Injection,Intravenous,Bottle,Rx,Licensed,3-Mar-54, ,N/A,0,Original,1898,2,CBER,,,,,
,"Takeda Pharmaceuticals U.S.A., Inc.",101452,"Buminate, Flexbumin",Albumin (Human),351(a),12.5G/50ML,Injection,Intravenous,Bottle,Rx,Licensed,3-Mar-54, ,N/A,0,Original,1898,3,CBER,,,,,
,"Takeda Pharmaceuticals U.S.A., Inc.",101452,"Buminate, Flexbumin",Albumin (Human),351(a),10G/50ML,Injection,Intravenous,Bottle,Rx,Licensed,3-Mar-54, ,N/A,0,Original,1898,4,CBER,,,,,
,"Takeda Pharmaceuticals U.S.A., Inc.",101452,"Buminate, Flexbumin",Albumin (Human),351(a),12.5G/250ML,Injection,Intravenous,Bottle,Rx,Licensed,3-Mar-54, ,N/A,0,Original,1898,5,CBER,,,,,
,"Greer Laboratories, Inc.",101834,,"Insects (Whole Body), Mite Dermatophagoides farinae",351(a),"10,000AU/ML",Injection,Percutaneous,Dropper Vial,Rx,Licensed,15-Sep-58, ,N/A,0,Original,308,1,CBER,,,,,
,"Greer Laboratories, Inc.",101834,,"Insects (Whole Body), Mite Dermatophagoides farinae",351(a),"5,000AU/ML",Injection,Intradermal,Multi-Dose Vial,Rx,Licensed,15-Sep-58, ,N/A,0,Original,308,2,CBER,,,,,
,"Greer Laboratories, Inc.",101834,,"Insects (Whole Body), Mite Dermatophagoides farinae",351(a),"5,000AU/ML",Injection,Subcutaneous,Multi-Dose Vial,Rx,Licensed,15-Sep-58, ,N/A,0,Original,308,3,CBER,,,,,
,"Greer Laboratories, Inc.",101834,,"Insects (Whole Body), Mite Dermatophagoides farinae",351(a),"10,000AU/ML",Injection,Intradermal,Multi-Dose Vial,Rx,Licensed,15-Sep-58, ,N/A,0,Original,308,4,CBER,,,,,
,"Greer Laboratories, Inc.",101834,,"Insects (Whole Body), Mite Dermatophagoides farinae",351(a),"10,000AU/ML",Injection,Subcutaneous,Multi-Dose Vial,Rx,Licensed,15-Sep-58, ,N/A,0,Original,308,5,CBER,,,,,
,"Greer Laboratories, Inc.",101834,,"Insects (Whole Body), Mite Dermatophagoides farinae",351(a),"30,000AU/ML",Injection,Intradermal,Multi-Dose Vial,Rx,Licensed,15-Sep-58, ,N/A,0,Original,308,6,CBER,,,,,
,"Greer Laboratories, Inc.",101834,,"Insects (Whole Body), Mite Dermatophagoides farinae",351(a),"30,000AU/ML",Injection,Subcutaneous,Multi-Dose Vial,Rx,Licensed,15-Sep-58, ,N/A,0,Original,308,7,CBER,,,,,
,"Greer Laboratories, Inc.",101835,,"Insects (Whole Body), Mite Dermatophagoides pteronyssinus",351(a),"10,000AU/ML",Injection,Percutaneous,Dropper Vial,Rx,Licensed,15-Sep-58, ,N/A,0,Original,308,1,CBER,,,,,
,"Greer Laboratories, Inc.",101835,,"Insects (Whole Body), Mite Dermatophagoides pteronyssinus",351(a),"5,000AU/ML",Injection,Intradermal,Multi-Dose Vial,Rx,Licensed,15-Sep-58, ,N/A,0,Original,308,2,CBER,,,,,
,"Greer Laboratories, Inc.",101835,,"Insects (Whole Body), Mite Dermatophagoides pteronyssinus",351(a),"5,000AU/ML",Injection,Subcutaneous,Multi-Dose Vial,Rx,Licensed,15-Sep-58, ,N/A,0,Original,308,3,CBER,,,,,
,"Greer Laboratories, Inc.",101835,,"Insects (Whole Body), Mite Dermatophagoides pteronyssinus",351(a),"10,000AU/ML",Injection,Intradermal,Multi-Dose Vial,Rx,Licensed,15-Sep-58, ,N/A,0,Original,308,4,CBER,,,,,
,"Greer Laboratories, Inc.",101835,,"Insects (Whole Body), Mite Dermatophagoides pteronyssinus",351(a),"10,000AU/ML",Injection,Subcutaneous,Multi-Dose Vial,Rx,Licensed,15-Sep-58, ,N/A,0,Original,308,5,CBER,,,,,
,"Greer Laboratories, Inc.",101835,,"Insects (Whole Body), Mite Dermatophagoides pteronyssinus",351(a),"30,000AU/ML",Injection,Intradermal,Multi-Dose Vial,Rx,Licensed,15-Sep-58, ,N/A,0,Original,308,6,CBER,,,,,
,"Greer Laboratories, Inc.",101835,,"Insects (Whole Body), Mite Dermatophagoides pteronyssinus",351(a),"30,000AU/ML",Injection,Subcutaneous,Multi-Dose Vial,Rx,Licensed,15-Sep-58, ,N/A,0,Original,308,7,CBER,,,,,
,"Greer Laboratories, Inc.",101836,,"Pollens - Grasses, Bermuda Grass Cynodon dactylon",351(a),"10,000BAU/ML",Injection,Percutaneous,Dropper Vial,Rx,Licensed,14-Jun-30, ,N/A,0,Original,308,1,CBER,,,,,
,"Greer Laboratories, Inc.",101836,,"Pollens - Grasses, Bermuda Grass Cynodon dactylon",351(a),"10,000BAU/ML",Injection,Intradermal,Multi-Dose Vial,Rx,Licensed,14-Jun-30, ,N/A,0,Original,308,2,CBER,,,,,
,"Greer Laboratories, Inc.",101836,,"Pollens - Grasses, Bermuda Grass Cynodon dactylon",351(a),"10,000BAU/ML",Injection,Subcutaneous,Multi-Dose Vial,Rx,Licensed,14-Jun-30, ,N/A,0,Original,308,3,CBER,,,,,
,"Greer Laboratories, Inc.",101836,,"Pollens - Grasses, Bermuda Grass Cynodon dactylon",351(a),"100,000BAU/ML",Injection,Percutaneous,Dropper Vial,Rx,Licensed,14-Jun-30, ,N/A,0,Original,308,4,CBER,,,,,
,"Greer Laboratories, Inc.",101836,,"Pollens - Grasses, Bermuda Grass Cynodon dactylon",351(a),"100,000BAU/ML",Injection,Intradermal,Multi-Dose Vial,Rx,Licensed,14-Jun-30, ,N/A,0,Original,308,5,CBER,,,,,
,"Greer Laboratories, Inc.",101836,,"Pollens - Grasses, Bermuda Grass Cynodon dactylon",351(a),"100,000BAU/ML",Injection,Subcutaneous,Multi-Dose Vial,Rx,Licensed,14-Jun-30, ,N/A,0,Original,308,6,CBER,,,,,
,"Greer Laboratories, Inc.",101837,,"Pollens - Grasses, Bluegrass, Kentucky (June) Poa pratensis",351(a),"10,000BAU/ML",Injection,Percutaneous,Dropper Vial,Rx,Licensed,14-Jun-30, ,N/A,0,Original,308,1,CBER,,,,,
,"Greer Laboratories, Inc.",101837,,"Pollens - Grasses, Bluegrass, Kentucky (June) Poa pratensis",351(a),"10,000BAU/ML",Injection,Intradermal,Multi-Dose Vial,Rx,Licensed,14-Jun-30, ,N/A,0,Original,308,2,CBER,,,,,
,"Greer Laboratories, Inc.",101837,,"Pollens - Grasses, Bluegrass, Kentucky (June) Poa pratensis",351(a),"10,000BAU/ML",Injection,Subcutaneous,Multi-Dose Vial,Rx,Licensed,14-Jun-30, ,N/A,0,Original,308,3,CBER,,,,,
,"Greer Laboratories, Inc.",101838,,"Pollens - Grasses, Fescue, Meadow Festuca elatior",351(a),"10,000BAU/ML",Injection,Percutaneous,Dropper Vial,Rx,Licensed,14-Jun-30, ,N/A,0,Original,308,1,CBER,,,,,
,"Greer Laboratories, Inc.",101838,,"Pollens - Grasses, Fescue, Meadow Festuca elatior",351(a),"10,000BAU/ML",Injection,Intradermal,Multi-Dose Vial,Rx,Licensed,14-Jun-30, ,N/A,0,Original,308,2,CBER,,,,,
,"Greer Laboratories, Inc.",101838,,"Pollens - Grasses, Fescue, Meadow Festuca elatior",351(a),"10,000BAU/ML",Injection,Subcutaneous,Multi-Dose Vial,Rx,Licensed,14-Jun-30, ,N/A,0,Original,308,3,CBER,,,,,
,"Greer Laboratories, Inc.",101838,,"Pollens - Grasses, Fescue, Meadow Festuca elatior",351(a),"100,000BAU/ML",Injection,Percutaneous,Dropper Vial,Rx,Licensed,14-Jun-30, ,N/A,0,Original,308,4,CBER,,,,,
,"Greer Laboratories, Inc.",101838,,"Pollens - Grasses, Fescue, Meadow Festuca elatior",351(a),"100,000BAU/ML",Injection,Intradermal,Multi-Dose Vial,Rx,Licensed,14-Jun-30, ,N/A,0,Original,308,5,CBER,,,,,
,"Greer Laboratories, Inc.",101838,,"Pollens - Grasses, Fescue, Meadow Festuca elatior",351(a),"100,000BAU/ML",Injection,Subcutaneous,Multi-Dose Vial,Rx,Licensed,14-Jun-30, ,N/A,0,Original,308,6,CBER,,,,,
,"Greer Laboratories, Inc.",101839,,"Pollens - Grasses, Orchard Grass Dactylis glomerata",351(a),"10,000BAU/ML",Injection,Percutaneous,Dropper Vial,Rx,Licensed,14-Jun-30, ,N/A,0,Original,308,1,CBER,,,,,
,"Greer Laboratories, Inc.",101839,,"Pollens - Grasses, Orchard Grass Dactylis glomerata",351(a),"10,000BAU/ML",Injection,Intradermal,Multi-Dose Vial,Rx,Licensed,14-Jun-30, ,N/A,0,Original,308,2,CBER,,,,,
,"Greer Laboratories, Inc.",101839,,"Pollens - Grasses, Orchard Grass Dactylis glomerata",351(a),"10,000BAU/ML",Injection,Subcutaneous,Multi-Dose Vial,Rx,Licensed,14-Jun-30, ,N/A,0,Original,308,3,CBER,,,,,
,"Greer Laboratories, Inc.",101839,,"Pollens - Grasses, Orchard Grass Dactylis glomerata",351(a),"100,000BAU/ML",Injection,Percutaneous,Dropper Vial,Rx,Licensed,14-Jun-30, ,N/A,0,Original,308,4,CBER,,,,,
,"Greer Laboratories, Inc.",101839,,"Pollens - Grasses, Orchard Grass Dactylis glomerata",351(a),"100,000BAU/ML",Injection,Intradermal,Multi-Dose Vial,Rx,Licensed,14-Jun-30, ,N/A,0,Original,308,5,CBER,,,,,
,"Greer Laboratories, Inc.",101839,,"Pollens - Grasses, Orchard Grass Dactylis glomerata",351(a),"100,000BAU/ML",Injection,Subcutaneous,Multi-Dose Vial,Rx,Licensed,14-Jun-30, ,N/A,0,Original,308,6,CBER,,,,,
,"Greer Laboratories, Inc.",101840,,"Pollens - Grasses, Redtop Agrostis alba",351(a),"10,000BAU/ML",Injection,Percutaneous,Dropper Vial,Rx,Licensed,14-Jun-30, ,N/A,0,Original,308,1,CBER,,,,,
,"Greer Laboratories, Inc.",101840,,"Pollens - Grasses, Redtop Agrostis alba",351(a),"10,000BAU/ML",Injection,Intradermal,Multi-Dose Vial,Rx,Licensed,14-Jun-30, ,N/A,0,Original,308,2,CBER,,,,,
,"Greer Laboratories, Inc.",101840,,"Pollens - Grasses, Redtop Agrostis alba",351(a),"10,000BAU/ML",Injection,Subcutaneous,Multi-Dose Vial,Rx,Licensed,14-Jun-30, ,N/A,0,Original,308,3,CBER,,,,,
,"Greer Laboratories, Inc.",101840,,"Pollens - Grasses, Redtop Agrostis alba",351(a),"100,000BAU/ML",Injection,Percutaneous,Dropper Vial,Rx,Licensed,14-Jun-30, ,N/A,0,Original,308,4,CBER,,,,,
,"Greer Laboratories, Inc.",101840,,"Pollens - Grasses, Redtop Agrostis alba",351(a),"100,000BAU/ML",Injection,Intradermal,Multi-Dose Vial,Rx,Licensed,14-Jun-30, ,N/A,0,Original,308,5,CBER,,,,,
,"Greer Laboratories, Inc.",101840,,"Pollens - Grasses, Redtop Agrostis alba",351(a),"100,000BAU/ML",Injection,Subcutaneous,Multi-Dose Vial,Rx,Licensed,14-Jun-30, ,N/A,0,Original,308,6,CBER,,,,,
,"Greer Laboratories, Inc.",101841,,"Pollens - Grasses, Ryegrass, Perennial Lolium perenne",351(a),"10,000BAU/ML",Injection,Percutaneous,Dropper Vial,Rx,Licensed,14-Jun-30, ,N/A,0,Original,308,1,CBER,,,,,
,"Greer Laboratories, Inc.",101841,,"Pollens - Grasses, Ryegrass, Perennial Lolium perenne",351(a),"10,000BAU/ML",Injection,Intradermal,Multi-Dose Vial,Rx,Licensed,14-Jun-30, ,N/A,0,Original,308,2,CBER,,,,,
,"Greer Laboratories, Inc.",101841,,"Pollens - Grasses, Ryegrass, Perennial Lolium perenne",351(a),"10,000BAU/ML",Injection,Subcutaneous,Multi-Dose Vial,Rx,Licensed,14-Jun-30, ,N/A,0,Original,308,3,CBER,,,,,
,"Greer Laboratories, Inc.",101841,,"Pollens - Grasses, Ryegrass, Perennial Lolium perenne",351(a),"100,000BAU/ML",Injection,Percutaneous,Dropper Vial,Rx,Licensed,14-Jun-30, ,N/A,0,Original,308,4,CBER,,,,,
,"Greer Laboratories, Inc.",101841,,"Pollens - Grasses, Ryegrass, Perennial Lolium perenne",351(a),"100,000BAU/ML",Injection,Intradermal,Multi-Dose Vial,Rx,Licensed,14-Jun-30, ,N/A,0,Original,308,5,CBER,,,,,
,"Greer Laboratories, Inc.",101841,,"Pollens - Grasses, Ryegrass, Perennial Lolium perenne",351(a),"100,000BAU/ML",Injection,Subcutaneous,Multi-Dose Vial,Rx,Licensed,14-Jun-30, ,N/A,0,Original,308,6,CBER,,,,,
,"Greer Laboratories, Inc.",101842,,"Pollens - Grasses, Sweet Vernal Grass Anthoxanthum odoratum",351(a),"10,000BAU/ML",Injection,Percutaneous,Dropper Vial,Rx,Licensed,14-Jun-30, ,N/A,0,Original,308,1,CBER,,,,,
,"Greer Laboratories, Inc.",101842,,"Pollens - Grasses, Sweet Vernal Grass Anthoxanthum odoratum",351(a),"10,000BAU/ML",Injection,Intradermal,Multi-Dose Vial,Rx,Licensed,14-Jun-30, ,N/A,0,Original,308,2,CBER,,,,,
,"Greer Laboratories, Inc.",101842,,"Pollens - Grasses, Sweet Vernal Grass Anthoxanthum odoratum",351(a),"10,000BAU/ML",Injection,Subcutaneous,Multi-Dose Vial,Rx,Licensed,14-Jun-30, ,N/A,0,Original,308,3,CBER,,,,,
,"Greer Laboratories, Inc.",101842,,"Pollens - Grasses, Sweet Vernal Grass Anthoxanthum odoratum",351(a),"100,000BAU/ML",Injection,Percutaneous,Dropper Vial,Rx,Licensed,14-Jun-30, ,N/A,0,Original,308,4,CBER,,,,,
,"Greer Laboratories, Inc.",101842,,"Pollens - Grasses, Sweet Vernal Grass Anthoxanthum odoratum",351(a),"100,000BAU/ML",Injection,Intradermal,Multi-Dose Vial,Rx,Licensed,14-Jun-30, ,N/A,0,Original,308,5,CBER,,,,,
,"Greer Laboratories, Inc.",101842,,"Pollens - Grasses, Sweet Vernal Grass Anthoxanthum odoratum",351(a),"100,000BAU/ML",Injection,Subcutaneous,Multi-Dose Vial,Rx,Licensed,14-Jun-30, ,N/A,0,Original,308,6,CBER,,,,,
,"Greer Laboratories, Inc.",101843,,"Pollens - Grasses, Timothy Phleum pratense",351(a),"10,000BAU/ML",Injection,Percutaneous,Dropper Vial,Rx,Licensed,14-Jun-30, ,N/A,0,Original,308,1,CBER,,,,,
,"Greer Laboratories, Inc.",101843,,"Pollens - Grasses, Timothy Phleum pratense",351(a),"10,000BAU/ML",Injection,Intradermal,Multi-Dose Vial,Rx,Licensed,14-Jun-30, ,N/A,0,Original,308,2,CBER,,,,,
,"Greer Laboratories, Inc.",101843,,"Pollens - Grasses, Timothy Phleum pratense",351(a),"10,000BAU/ML",Injection,Subcutaneous,Multi-Dose Vial,Rx,Licensed,14-Jun-30, ,N/A,0,Original,308,3,CBER,,,,,
,"Greer Laboratories, Inc.",101843,,"Pollens - Grasses, Timothy Phleum pratense",351(a),"100,000BAU/ML",Injection,Percutaneous,Dropper Vial,Rx,Licensed,14-Jun-30, ,N/A,0,Original,308,4,CBER,,,,,
,"Greer Laboratories, Inc.",101843,,"Pollens - Grasses, Timothy Phleum pratense",351(a),"100,000BAU/ML",Injection,Intradermal,Multi-Dose Vial,Rx,Licensed,14-Jun-30, ,N/A,0,Original,308,5,CBER,,,,,
,"Greer Laboratories, Inc.",101843,,"Pollens - Grasses, Timothy Phleum pratense",351(a),"100,000BAU/ML",Injection,Subcutaneous,Multi-Dose Vial,Rx,Licensed,14-Jun-30, ,N/A,0,Original,308,6,CBER,,,,,
,"Greer Laboratories, Inc.",101844,,"Pollens - Weeds and Garden Plants, Ragweed, Short Ambrosia artemisiifolia",351(a),1:20W/V,Injection,Percutaneous,Dropper Vial,Rx,Licensed,14-Jun-30, ,N/A,0,Original,308,1,CBER,,,,,
,"Greer Laboratories, Inc.",101844,,"Pollens - Weeds and Garden Plants, Ragweed, Short Ambrosia artemisiifolia",351(a),1:20W/V,Injection,Intradermal,Multi-Dose Vial,Rx,Licensed,14-Jun-30, ,N/A,0,Original,308,2,CBER,,,,,
,"Greer Laboratories, Inc.",101844,,"Pollens - Weeds and Garden Plants, Ragweed, Short Ambrosia artemisiifolia",351(a),1:20W/V,Injection,Subcutaneous,Multi-Dose Vial,Rx,Licensed,14-Jun-30, ,N/A,0,Original,308,3,CBER,,,,,
,"Greer Laboratories, Inc.",101845,,"Pollens - Weeds and Garden Plants, Ragweed, Short Ambrosia elatior",351(a),"10,000BAU/ML",Injection,Percutaneous,Dropper Vial,Rx,Licensed,15-Sep-58, ,N/A,0,Original,308,1,CBER,,,,,
,"Greer Laboratories, Inc.",101845,,"Pollens - Weeds and Garden Plants, Ragweed, Short Ambrosia elatior",351(a),"10,000BAU/ML",Injection,Intradermal,Multi-Dose Vial,Rx,Licensed,15-Sep-58, ,N/A,0,Original,308,2,CBER,,,,,
,"Greer Laboratories, Inc.",101845,,"Pollens - Weeds and Garden Plants, Ragweed, Short Ambrosia elatior",351(a),"10,000BAU/ML",Injection,Subcutaneous,Multi-Dose Vial,Rx,Licensed,15-Sep-58, ,N/A,0,Original,308,3,CBER,,,,,
,"Greer Laboratories, Inc.",101845,,"Pollens - Weeds and Garden Plants, Ragweed, Short Ambrosia elatior",351(a),"100,000BAU/ML",Injection,Percutaneous,Dropper Vial,Rx,Licensed,15-Sep-58, ,N/A,0,Original,308,4,CBER,,,,,
,"Greer Laboratories, Inc.",101845,,"Pollens - Weeds and Garden Plants, Ragweed, Short Ambrosia elatior",351(a),"100,000BAU/ML",Injection,Intradermal,Multi-Dose Vial,Rx,Licensed,15-Sep-58, ,N/A,0,Original,308,5,CBER,,,,,
,"Greer Laboratories, Inc.",101845,,"Pollens - Weeds and Garden Plants, Ragweed, Short Ambrosia elatior",351(a),"100,000BAU/ML",Injection,Subcutaneous,Multi-Dose Vial,Rx,Licensed,15-Sep-58, ,N/A,0,Original,308,6,CBER,,,,,
,Central Laboratory of the Netherlands Red Cross Blood Transfusion Service,101993,,Albumin (Human),351(a),0.25,Injection,Intravenous,Multi-Dose Vial,Rx,Licensed,7-Sep-79, ,N/A,0,Original,379,1,CBER,,,,,
,"Smith & Nephew, Inc.",101995,Santyl,collagenase,351(a),250UNITS/GRAM,Ointment,Topical,Tube,Rx,Licensed,4-Jun-65,N/A,N/A,,Original,2004,1,CDER,,,,,
,"Allermed Laboratories, Inc.",102212,,"Insects (Whole Body), Mite Dermatophagoides farinae",351(a),"5,000AU/ML",Injection,Intradermal,Dropper Vial,Rx,Licensed,12-Mar-74, ,N/A,0,Original,467,1,CBER,,,,,
,"Allermed Laboratories, Inc.",102212,,"Insects (Whole Body), Mite Dermatophagoides farinae",351(a),"5,000AU/ML",Injection,Intradermal,Multi-Dose Vial,Rx,Licensed,12-Mar-74, ,N/A,0,Original,467,2,CBER,,,,,
,"Allermed Laboratories, Inc.",102212,,"Insects (Whole Body), Mite Dermatophagoides farinae",351(a),"5,000AU/ML",Injection,Subcutaneous,Dropper Vial,Rx,Licensed,12-Mar-74, ,N/A,0,Original,467,3,CBER,,,,,
,"Allermed Laboratories, Inc.",102212,,"Insects (Whole Body), Mite Dermatophagoides farinae",351(a),"5,000AU/ML",Injection,Subcutaneous,Multi-Dose Vial,Rx,Licensed,12-Mar-74, ,N/A,0,Original,467,4,CBER,,,,,
,"Allermed Laboratories, Inc.",102212,,"Insects (Whole Body), Mite Dermatophagoides farinae",351(a),"10,000AU/ML",Injection,Intradermal,Dropper Vial,Rx,Licensed,12-Mar-74, ,N/A,0,Original,467,5,CBER,,,,,
,"Allermed Laboratories, Inc.",102212,,"Insects (Whole Body), Mite Dermatophagoides farinae",351(a),"10,000AU/ML",Injection,Intradermal,Multi-Dose Vial,Rx,Licensed,12-Mar-74, ,N/A,0,Original,467,6,CBER,,,,,
,"Allermed Laboratories, Inc.",102212,,"Insects (Whole Body), Mite Dermatophagoides farinae",351(a),"10,000AU/ML",Injection,Subcutaneous,Dropper Vial,Rx,Licensed,12-Mar-74, ,N/A,0,Original,467,7,CBER,,,,,
,"Allermed Laboratories, Inc.",102212,,"Insects (Whole Body), Mite Dermatophagoides farinae",351(a),"10,000AU/ML",Injection,Subcutaneous,Multi-Dose Vial,Rx,Licensed,12-Mar-74, ,N/A,0,Original,467,8,CBER,,,,,
,"Allermed Laboratories, Inc.",102213,,"Insects (Whole Body), Mite Dermatophagoides pteronyssinus",351(a),"5,000AU/ML ",Injection,Intradermal,Dropper Vial,Rx,Licensed,12-Mar-74, ,N/A,0,Original,467,1,CBER,,,,,
,"Allermed Laboratories, Inc.",102213,,"Insects (Whole Body), Mite Dermatophagoides pteronyssinus",351(a),"5,000AU/ML ",Injection,Intradermal,Multi-Dose Vial,Rx,Licensed,12-Mar-74, ,N/A,0,Original,467,2,CBER,,,,,
,"Allermed Laboratories, Inc.",102213,,"Insects (Whole Body), Mite Dermatophagoides pteronyssinus",351(a),"5,000AU/ML ",Injection,Subcutaneous,Dropper Vial,Rx,Licensed,12-Mar-74, ,N/A,0,Original,467,3,CBER,,,,,
,"Allermed Laboratories, Inc.",102213,,"Insects (Whole Body), Mite Dermatophagoides pteronyssinus",351(a),"5,000AU/ML ",Injection,Subcutaneous,Multi-Dose Vial,Rx,Licensed,12-Mar-74, ,N/A,0,Original,467,4,CBER,,,,,
,"Allermed Laboratories, Inc.",102213,,"Insects (Whole Body), Mite Dermatophagoides pteronyssinus",351(a),"10,000AU/ML",Injection,Intradermal,Dropper Vial,Rx,Licensed,12-Mar-74, ,N/A,0,Original,467,5,CBER,,,,,
,"Allermed Laboratories, Inc.",102213,,"Insects (Whole Body), Mite Dermatophagoides pteronyssinus",351(a),"10,000AU/ML",Injection,Intradermal,Multi-Dose Vial,Rx,Licensed,12-Mar-74, ,N/A,0,Original,467,6,CBER,,,,,
,"Allermed Laboratories, Inc.",102213,,"Insects (Whole Body), Mite Dermatophagoides pteronyssinus",351(a),"10,000AU/ML",Injection,Subcutaneous,Dropper Vial,Rx,Licensed,12-Mar-74, ,N/A,0,Original,467,7,CBER,,,,,
,"Allermed Laboratories, Inc.",102213,,"Insects (Whole Body), Mite Dermatophagoides pteronyssinus",351(a),"10,000AU/ML",Injection,Subcutaneous,Multi-Dose Vial,Rx,Licensed,12-Mar-74, ,N/A,0,Original,467,8,CBER,,,,,
,"Allermed Laboratories, Inc.",102214,,"Pollens - Grasses, Bermuda Grass Cynodon dactylon",351(a),"10,000BAU/ML",Injection,Intradermal,Dropper Vial,Rx,Licensed,14-Jun-30, ,N/A,0,Original,467,1,CBER,,,,,
,"Allermed Laboratories, Inc.",102214,,"Pollens - Grasses, Bermuda Grass Cynodon dactylon",351(a),"10,000BAU/ML",Injection,Intradermal,Multi-Dose Vial,Rx,Licensed,14-Jun-30, ,N/A,0,Original,467,2,CBER,,,,,
,"Allermed Laboratories, Inc.",102214,,"Pollens - Grasses, Bermuda Grass Cynodon dactylon",351(a),"10,000BAU/ML",Injection,Subcutaneous,Dropper Vial,Rx,Licensed,14-Jun-30, ,N/A,0,Original,467,3,CBER,,,,,
,"Allermed Laboratories, Inc.",102214,,"Pollens - Grasses, Bermuda Grass Cynodon dactylon",351(a),"10,000BAU/ML",Injection,Subcutaneous,Multi-Dose Vial,Rx,Licensed,14-Jun-30, ,N/A,0,Original,467,4,CBER,,,,,
,"Allermed Laboratories, Inc.",102215,,"Pollens - Grasses, Bluegrass, Kentucky (June) Poa pratensis",351(a),"10,000BAU/ML",Injection,Intradermal,Dropper Vial,Rx,Licensed,14-Jun-30, ,N/A,0,Original,467,1,CBER,,,,,
,"Allermed Laboratories, Inc.",102215,,"Pollens - Grasses, Bluegrass, Kentucky (June) Poa pratensis",351(a),"10,000BAU/ML",Injection,Intradermal,Multi-Dose Vial,Rx,Licensed,14-Jun-30, ,N/A,0,Original,467,2,CBER,,,,,
,"Allermed Laboratories, Inc.",102215,,"Pollens - Grasses, Bluegrass, Kentucky (June) Poa pratensis",351(a),"10,000BAU/ML",Injection,Subcutaneous,Dropper Vial,Rx,Licensed,14-Jun-30, ,N/A,0,Original,467,3,CBER,,,,,
,"Allermed Laboratories, Inc.",102215,,"Pollens - Grasses, Bluegrass, Kentucky (June) Poa pratensis",351(a),"10,000BAU/ML",Injection,Subcutaneous,Multi-Dose Vial,Rx,Licensed,14-Jun-30, ,N/A,0,Original,467,4,CBER,,,,,
,"Allermed Laboratories, Inc.",102215,,"Pollens - Grasses, Bluegrass, Kentucky (June) Poa pratensis",351(a),"100,000BAU/ML",Injection,Intradermal,Dropper Vial,Rx,Licensed,14-Jun-30, ,N/A,0,Original,467,5,CBER,,,,,
,"Allermed Laboratories, Inc.",102215,,"Pollens - Grasses, Bluegrass, Kentucky (June) Poa pratensis",351(a),"100,000BAU/ML",Injection,Intradermal,Multi-Dose Vial,Rx,Licensed,14-Jun-30, ,N/A,0,Original,467,6,CBER,,,,,
,"Allermed Laboratories, Inc.",102215,,"Pollens - Grasses, Bluegrass, Kentucky (June) Poa pratensis",351(a),"100,000BAU/ML",Injection,Subcutaneous,Dropper Vial,Rx,Licensed,14-Jun-30, ,N/A,0,Original,467,7,CBER,,,,,
,"Allermed Laboratories, Inc.",102215,,"Pollens - Grasses, Bluegrass, Kentucky (June) Poa pratensis",351(a),"100,000BAU/ML",Injection,Subcutaneous,Multi-Dose Vial,Rx,Licensed,14-Jun-30, ,N/A,0,Original,467,8,CBER,,,,,
,"Allermed Laboratories, Inc.",102216,,"Pollens - Grasses, Fescue, Meadow Festuca elatior",351(a),"10,000BAU/ML",Injection,Intradermal,Dropper Vial,Rx,Licensed,12-Mar-74, ,N/A,0,Original,467,1,CBER,,,,,
,"Allermed Laboratories, Inc.",102216,,"Pollens - Grasses, Fescue, Meadow Festuca elatior",351(a),"10,000BAU/ML",Injection,Intradermal,Multi-Dose Vial,Rx,Licensed,12-Mar-74, ,N/A,0,Original,467,2,CBER,,,,,
,"Allermed Laboratories, Inc.",102216,,"Pollens - Grasses, Fescue, Meadow Festuca elatior",351(a),"10,000BAU/ML",Injection,Subcutaneous,Dropper Vial,Rx,Licensed,12-Mar-74, ,N/A,0,Original,467,3,CBER,,,,,
,"Allermed Laboratories, Inc.",102216,,"Pollens - Grasses, Fescue, Meadow Festuca elatior",351(a),"10,000BAU/ML",Injection,Subcutaneous,Multi-Dose Vial,Rx,Licensed,12-Mar-74, ,N/A,0,Original,467,4,CBER,,,,,
,"Allermed Laboratories, Inc.",102216,,"Pollens - Grasses, Fescue, Meadow Festuca elatior",351(a),"100,000BAU/ML",Injection,Intradermal,Dropper Vial,Rx,Licensed,12-Mar-74, ,N/A,0,Original,467,5,CBER,,,,,
,"Allermed Laboratories, Inc.",102216,,"Pollens - Grasses, Fescue, Meadow Festuca elatior",351(a),"100,000BAU/ML",Injection,Intradermal,Multi-Dose Vial,Rx,Licensed,12-Mar-74, ,N/A,0,Original,467,6,CBER,,,,,
,"Allermed Laboratories, Inc.",102216,,"Pollens - Grasses, Fescue, Meadow Festuca elatior",351(a),"100,000BAU/ML",Injection,Subcutaneous,Dropper Vial,Rx,Licensed,12-Mar-74, ,N/A,0,Original,467,7,CBER,,,,,
,"Allermed Laboratories, Inc.",102216,,"Pollens - Grasses, Fescue, Meadow Festuca elatior",351(a),"100,000BAU/ML",Injection,Subcutaneous,Multi-Dose Vial,Rx,Licensed,12-Mar-74, ,N/A,0,Original,467,8,CBER,,,,,
,"Allermed Laboratories, Inc.",102217,,"Pollens - Grasses, Orchard Grass Dactylis glomerata",351(a),"10,000BAU/ML",Injection,Intradermal,Multi-Dose Vial,Rx,Licensed,12-Mar-74, ,N/A,0,Original,467,1,CBER,,,,,
,"Allermed Laboratories, Inc.",102217,,"Pollens - Grasses, Orchard Grass Dactylis glomerata",351(a),"10,000BAU/ML",Injection,Intradermal,Dropper Vial,Rx,Licensed,12-Mar-74, ,N/A,0,Original,467,2,CBER,,,,,
,"Allermed Laboratories, Inc.",102217,,"Pollens - Grasses, Orchard Grass Dactylis glomerata",351(a),"10,000BAU/ML",Injection,Subcutaneous,Multi-Dose Vial,Rx,Licensed,12-Mar-74, ,N/A,0,Original,467,3,CBER,,,,,
,"Allermed Laboratories, Inc.",102217,,"Pollens - Grasses, Orchard Grass Dactylis glomerata",351(a),"10,000BAU/ML",Injection,Subcutaneous,Dropper Vial,Rx,Licensed,12-Mar-74, ,N/A,0,Original,467,4,CBER,,,,,
,"Allermed Laboratories, Inc.",102217,,"Pollens - Grasses, Orchard Grass Dactylis glomerata",351(a),"100,000BAU/ML",Injection,Intradermal,Multi-Dose Vial,Rx,Licensed,12-Mar-74, ,N/A,0,Original,467,5,CBER,,,,,
,"Allermed Laboratories, Inc.",102217,,"Pollens - Grasses, Orchard Grass Dactylis glomerata",351(a),"100,000BAU/ML",Injection,Intradermal,Dropper Vial,Rx,Licensed,12-Mar-74, ,N/A,0,Original,467,6,CBER,,,,,
,"Allermed Laboratories, Inc.",102217,,"Pollens - Grasses, Orchard Grass Dactylis glomerata",351(a),"100,000BAU/ML",Injection,Subcutaneous,Multi-Dose Vial,Rx,Licensed,12-Mar-74, ,N/A,0,Original,467,7,CBER,,,,,
,"Allermed Laboratories, Inc.",102217,,"Pollens - Grasses, Orchard Grass Dactylis glomerata",351(a),"100,000BAU/ML",Injection,Subcutaneous,Dropper Vial,Rx,Licensed,12-Mar-74, ,N/A,0,Original,467,8,CBER,,,,,
,"Allermed Laboratories, Inc.",102218,,"Pollens - Grasses, Redtop Agrostis alba",351(a),"10,000BAU/ML",Injection,Intradermal,Multi-Dose Vial,Rx,Licensed,12-Mar-74, ,N/A,0,Original,467,1,CBER,,,,,
,"Allermed Laboratories, Inc.",102218,,"Pollens - Grasses, Redtop Agrostis alba",351(a),"10,000BAU/ML",Injection,Intradermal,Dropper Vial,Rx,Licensed,12-Mar-74, ,N/A,0,Original,467,2,CBER,,,,,
,"Allermed Laboratories, Inc.",102218,,"Pollens - Grasses, Redtop Agrostis alba",351(a),"10,000BAU/ML",Injection,Subcutaneous,Multi-Dose Vial,Rx,Licensed,12-Mar-74, ,N/A,0,Original,467,3,CBER,,,,,
,"Allermed Laboratories, Inc.",102218,,"Pollens - Grasses, Redtop Agrostis alba",351(a),"10,000BAU/ML",Injection,Subcutaneous,Dropper Vial,Rx,Licensed,12-Mar-74, ,N/A,0,Original,467,4,CBER,,,,,
,"Allermed Laboratories, Inc.",102218,,"Pollens - Grasses, Redtop Agrostis alba",351(a),"100,000BAU/ML",Injection,Intradermal,Multi-Dose Vial,Rx,Licensed,12-Mar-74, ,N/A,0,Original,467,5,CBER,,,,,
,"Allermed Laboratories, Inc.",102218,,"Pollens - Grasses, Redtop Agrostis alba",351(a),"100,000BAU/ML",Injection,Intradermal,Dropper Vial,Rx,Licensed,12-Mar-74, ,N/A,0,Original,467,6,CBER,,,,,
,"Allermed Laboratories, Inc.",102218,,"Pollens - Grasses, Redtop Agrostis alba",351(a),"100,000BAU/ML",Injection,Subcutaneous,Multi-Dose Vial,Rx,Licensed,12-Mar-74, ,N/A,0,Original,467,7,CBER,,,,,
,"Allermed Laboratories, Inc.",102218,,"Pollens - Grasses, Redtop Agrostis alba",351(a),"100,000BAU/ML",Injection,Subcutaneous,Dropper Vial,Rx,Licensed,12-Mar-74, ,N/A,0,Original,467,8,CBER,,,,,
,"Allermed Laboratories, Inc.",102219,,"Pollens - Grasses, Ryegrass, Perennial Lolium perenne",351(a),"10,000BAU/ML",Injection,Intradermal,Multi-Dose Vial,Rx,Licensed,12-Mar-74, ,N/A,0,Original,467,1,CBER,,,,,
,"Allermed Laboratories, Inc.",102219,,"Pollens - Grasses, Ryegrass, Perennial Lolium perenne",351(a),"10,000BAU/ML",Injection,Intradermal,Dropper Vial,Rx,Licensed,14-Jun-30, ,N/A,0,Original,467,2,CBER,,,,,
,"Allermed Laboratories, Inc.",102219,,"Pollens - Grasses, Ryegrass, Perennial Lolium perenne",351(a),"10,000BAU/ML",Injection,Subcutaneous,Multi-Dose Vial,Rx,Licensed,14-Jun-30, ,N/A,0,Original,467,3,CBER,,,,,
,"Allermed Laboratories, Inc.",102219,,"Pollens - Grasses, Ryegrass, Perennial Lolium perenne",351(a),"10,000BAU/ML",Injection,Subcutaneous,Dropper Vial,Rx,Licensed,14-Jun-30, ,N/A,0,Original,467,4,CBER,,,,,
,"Allermed Laboratories, Inc.",102219,,"Pollens - Grasses, Ryegrass, Perennial Lolium perenne",351(a),"100,000BAU/ML",Injection,Intradermal,Multi-Dose Vial,Rx,Licensed,14-Jun-30, ,N/A,0,Original,467,5,CBER,,,,,
,"Allermed Laboratories, Inc.",102219,,"Pollens - Grasses, Ryegrass, Perennial Lolium perenne",351(a),"100,000BAU/ML",Injection,Intradermal,Dropper Vial,Rx,Licensed,14-Jun-30, ,N/A,0,Original,467,6,CBER,,,,,
,"Allermed Laboratories, Inc.",102219,,"Pollens - Grasses, Ryegrass, Perennial Lolium perenne",351(a),"100,000BAU/ML",Injection,Subcutaneous,Multi-Dose Vial,Rx,Licensed,14-Jun-30, ,N/A,0,Original,467,7,CBER,,,,,
,"Allermed Laboratories, Inc.",102219,,"Pollens - Grasses, Ryegrass, Perennial Lolium perenne",351(a),"100,000BAU/ML",Injection,Subcutaneous,Dropper Vial,Rx,Licensed,14-Jun-30, ,N/A,0,Original,467,8,CBER,,,,,
,"Allermed Laboratories, Inc.",102220,,"Pollens - Grasses, Sweet Vernal Grass Anthoxanthum odoratum",351(a),"10,000BAU/ML",Injection,Intradermal,Dropper Vial,Rx,Licensed,12-Mar-74, ,N/A,0,Original,467,1,CBER,,,,,
,"Allermed Laboratories, Inc.",102220,,"Pollens - Grasses, Sweet Vernal Grass Anthoxanthum odoratum",351(a),"10,000BAU/ML",Injection,Intradermal,Multi-Dose Vial,Rx,Licensed,12-Mar-74, ,N/A,0,Original,467,2,CBER,,,,,
,"Allermed Laboratories, Inc.",102220,,"Pollens - Grasses, Sweet Vernal Grass Anthoxanthum odoratum",351(a),"10,000BAU/ML",Injection,Subcutaneous,Dropper Vial,Rx,Licensed,12-Mar-74, ,N/A,0,Original,467,3,CBER,,,,,
,"Allermed Laboratories, Inc.",102220,,"Pollens - Grasses, Sweet Vernal Grass Anthoxanthum odoratum",351(a),"10,000BAU/ML",Injection,Subcutaneous,Multi-Dose Vial,Rx,Licensed,12-Mar-74, ,N/A,0,Original,467,4,CBER,,,,,
,"Allermed Laboratories, Inc.",102220,,"Pollens - Grasses, Sweet Vernal Grass Anthoxanthum odoratum",351(a),"100,000BAU/ML",Injection,Intradermal,Dropper Vial,Rx,Licensed,12-Mar-74, ,N/A,0,Original,467,5,CBER,,,,,
,"Allermed Laboratories, Inc.",102220,,"Pollens - Grasses, Sweet Vernal Grass Anthoxanthum odoratum",351(a),"100,000BAU/ML",Injection,Intradermal,Multi-Dose Vial,Rx,Licensed,12-Mar-74, ,N/A,0,Original,467,6,CBER,,,,,
,"Allermed Laboratories, Inc.",102220,,"Pollens - Grasses, Sweet Vernal Grass Anthoxanthum odoratum",351(a),"100,000BAU/ML",Injection,Subcutaneous,Dropper Vial,Rx,Licensed,12-Mar-74, ,N/A,0,Original,467,7,CBER,,,,,
,"Allermed Laboratories, Inc.",102220,,"Pollens - Grasses, Sweet Vernal Grass Anthoxanthum odoratum",351(a),"100,000BAU/ML",Injection,Subcutaneous,Multi-Dose Vial,Rx,Licensed,12-Mar-74, ,N/A,0,Original,467,8,CBER,,,,,
,"Allermed Laboratories, Inc.",102221,,"Pollens - Grasses, Timothy Phleum pratense",351(a),"10,000BAU/ML",Injection,Intradermal,Multi-Dose Vial,Rx,Licensed,14-Jun-30, ,N/A,0,Original,467,1,CBER,,,,,
,"Allermed Laboratories, Inc.",102221,,"Pollens - Grasses, Timothy Phleum pratense",351(a),"10,000BAU/ML",Injection,Subcutaneous,Multi-Dose Vial,Rx,Licensed,14-Jun-30, ,N/A,0,Original,467,2,CBER,,,,,
,"Allermed Laboratories, Inc.",102221,,"Pollens - Grasses, Timothy Phleum pratense",351(a),"100,000BAU/ML ",Injection,Intradermal,Multi-Dose Vial,Rx,Licensed,14-Jun-30, ,N/A,0,Original,467,3,CBER,,,,,
,"Allermed Laboratories, Inc.",102221,,"Pollens - Grasses, Timothy Phleum pratense",351(a),"100,000BAU/ML",Injection,Subcutaneous,Multi-Dose Vial,Rx,Licensed,14-Jun-30, ,N/A,0,Original,467,4,CBER,,,,,
,CSL Behring AG,102366,Alburx,Albumin (Human),351(a),25G/100mL,Injection,Intravenous,Single-Dose Vial,Rx,Licensed,23-Jul-76, ,N/A,0,Original,1766,1,CBER,,,,,
,CSL Behring AG,102366,Alburx,Albumin (Human),351(a),25G/500ML,Injection,Intravenous,Single-Dose Vial,Rx,Licensed,23-Jul-76, ,N/A,0,Original,1766,2,CBER,,,,,
,CSL Behring AG,102366,Alburx,Albumin (Human),351(a),12.5G/50ML,Injection,Intravenous,Single-Dose Vial,Rx,Licensed,23-Jul-76, ,N/A,0,Original,1766,3,CBER,,,,,
,CSL Behring AG,102366,Alburx,Albumin (Human),351(a),12.5G/250ML,Injection,Intravenous,Single-Dose Vial,Rx,Licensed,23-Jul-76, ,N/A,0,Original,1766,4,CBER,,,,,
,CSL Behring AG,102367,"Carimune, Carimune Nf, Panglobulin, Sandoglobulin",Immune Globulin Intravenous (Human),351(a),6G,For Injection,Intravenous,Single-Dose Vial,Disc,Voluntarily Revoked,27-Jul-00, ,N/A,1055,Supplement,1766,1,CBER,,,,,
,CSL Behring AG,102367,"Carimune, Carimune Nf, Panglobulin, Sandoglobulin",Immune Globulin Intravenous (Human),351(a),12G,For Injection,Intravenous,Single-Dose Vial,Disc,Voluntarily Revoked,27-Jul-00, ,N/A,1055,Supplement,1766,2,CBER,,,,,
,CSL Behring AG,102367,"Carimune, Carimune Nf, Panglobulin, Sandoglobulin",Immune Globulin Intravenous (Human),351(a),3G,For Injection,Intravenous,Single-Dose Vial,Disc,Voluntarily Revoked,27-Jul-00, ,N/A,1055,Supplement,1766,3,CBER,,,,,
,Grifols Biologicals LLC,102475,Alphanate,Antihemophilic Factor/von Willebrand Factor Complex (Human),351(a),250IU,For Injection,Intravenous,Single-Dose Vial,Rx,Licensed,15-Aug-78, ,N/A,0,Original,1694,1,CBER,,,,,31-Jan-14
,Grifols Biologicals LLC,102475,Alphanate,Antihemophilic Factor/von Willebrand Factor Complex (Human),351(a),1000IU,For Injection,Intravenous,Single-Dose Vial,Rx,Licensed,15-Aug-78, ,N/A,0,Original,1694,2,CBER,,,,,31-Jan-14
,Grifols Biologicals LLC,102475,Alphanate,Antihemophilic Factor/von Willebrand Factor Complex (Human),351(a),1500IU,For Injection,Intravenous,Single-Dose Vial,Rx,Licensed,15-Aug-78, ,N/A,0,Original,1694,3,CBER,,,,,31-Jan-14
,Grifols Biologicals LLC,102475,Alphanate,Antihemophilic Factor/von Willebrand Factor Complex (Human),351(a),500IU,For Injection,Intravenous,Single-Dose Vial,Rx,Licensed,15-Aug-78, ,N/A,0,Original,1694,4,CBER,,,,,31-Jan-14
,Grifols Biologicals LLC,102475,Alphanate,Antihemophilic Factor/von Willebrand Factor Complex (Human),351(a),2000IU,For Injection,Intravenous,Single-Dose Vial,Rx,Licensed,26-Jun-14, ,N/A,5400,Supplement,1694,5,CBER,,,,,31-Jan-14
,Grifols Biologicals LLC,102476,"Profilnine, Profilnine Hp, Profilnine Ht, Profilnine Sd",Factor IX Complex,351(a),1000IU,For Injection,Intravenous,Single-Dose Vial,Rx,Licensed,20-Jul-81, ,N/A,0,Original,1694,1,CBER,,,,,
,Grifols Biologicals LLC,102476,"Profilnine, Profilnine Hp, Profilnine Ht, Profilnine Sd",Factor IX Complex,351(a),1500IU,For Injection,Intravenous,Single-Dose Vial,Rx,Licensed,20-Jul-81, ,N/A,0,Original,1694,2,CBER,,,,,
,Grifols Biologicals LLC,102476,"Profilnine, Profilnine Hp, Profilnine Ht, Profilnine Sd",Factor IX Complex,351(a),500IU,For Injection,Intravenous,Single-Dose Vial,Rx,Licensed,20-Jul-81, ,N/A,0,Original,1694,3,CBER,,,,,
,Grifols Biologicals LLC,102478,Albutein,Albumin (Human),351(a),10G/50ML,Injection,Intravenous,Single-Dose Vial,Rx,Licensed,15-Aug-78, ,N/A,0,Original,1694,1,CBER,,,,,
,Grifols Biologicals LLC,102478,Albutein,Albumin (Human),351(a),20G/100ML,Injection,Intravenous,Single-Dose Vial,Rx,Licensed,15-Aug-78, ,N/A,0,Original,1694,2,CBER,,,,,
,Grifols Biologicals LLC,102478,Albutein,Albumin (Human),351(a),25G/100ML,Injection,Intravenous,Single-Dose Vial,Rx,Licensed,15-Aug-78, ,N/A,0,Original,1694,3,CBER,,,,,
,Grifols Biologicals LLC,102478,Albutein,Albumin (Human),351(a),2.5G/50ML,Injection,Intravenous,Single-Dose Vial,Rx,Licensed,15-Aug-78, ,N/A,0,Original,1694,4,CBER,,,,,
,Grifols Biologicals LLC,102478,Albutein,Albumin (Human),351(a),12.5G/50ML,Injection,Intravenous,Single-Dose Vial,Rx,Licensed,15-Aug-78, ,N/A,0,Original,1694,5,CBER,,,,,
,Grifols Biologicals LLC,102478,Albutein,Albumin (Human),351(a),5G/20ML,Injection,Intravenous,Single-Dose Vial,Rx,Licensed,15-Aug-78, ,N/A,0,Original,1694,6,CBER,,,,,
,Grifols Biologicals LLC,102478,Albutein,Albumin (Human),351(a),12.5ML/250ML,Injection,Intravenous,Single-Dose Vial,Rx,Licensed,15-Aug-78, ,N/A,0,Original,1694,7,CBER,,,,,
,Grifols Biologicals LLC,102478,Albutein,Albumin (Human),351(a),25G/500ML,Injection,Intravenous,Single-Dose Vial,Rx,Licensed,15-Aug-78, ,N/A,0,Original,1694,8,CBER,,,,,
,Grifols Biologicals LLC,102478,Albutein,Albumin (Human),351(a),5G/100ML,Injection,Intravenous,Bag,Disc,Licensed,29-Nov-22,N/A,N/A,5570,Supplement,1694,9,CBER,,,,,
,Merck Teknika LLC,102821,Tice Bcg,BCG Live,351(a),100-800 MIL CFU,For Injection,Intravesical,Single-Dose Vial,Rx,Licensed,21-Jun-89, ,N/A,0,Original,1747,1,CBER,,,,,
,"GenTrac, Inc.",102865,"Thrombin-Jmi, Thrombocoll","Thrombin, Topical (Bovine)",351(a),"20,000IU",Powder,Topical,Vial,Rx,Licensed,3-Feb-86, ,N/A,0,Original,977,1,CBER,,,,,
,"GenTrac, Inc.",102865,"Thrombin-Jmi, Thrombocoll","Thrombin, Topical (Bovine)",351(a),"5,000IU",Powder,Topical,Vial,Rx,Licensed,10-Feb-11, ,N/A,5387,Supplement,977,2,CBER,,,,,
,AbbVie Inc.,103000,Botox Cosmetic,onabotulinumtoxinA,351(a),50UNITS,For Injection,Intramuscular,Single-Dose Vial,Rx,Licensed,9-Dec-91,N/A,N/A,,Original,1889,1,CDER,,,,,20-Jun-26
,AbbVie Inc.,103000,Botox Cosmetic,onabotulinumtoxinA,351(a),100UNITS,For Injection,Intramuscular,Single-Dose Vial,Rx,Licensed,9-Dec-91,N/A,N/A,,Original,1889,2,CDER,,,,,20-Jun-26
,AbbVie Inc.,103000,Botox ,onabotulinumtoxinA,351(a),50UNITS,For Injection,"Injection, Intramuscular, Intradermal, Intradetrusor",Single-Dose Vial,Disc,Licensed,9-Dec-91,N/A,N/A,,Original,1889,3,CDER,,,,,20-Jun-26
,AbbVie Inc.,103000,Botox ,onabotulinumtoxinA,351(a),100UNITS,For Injection,"Injection, Intramuscular, Intradermal, Intradetrusor",Single-Dose Vial,Rx,Licensed,9-Dec-91,N/A,N/A,,Original,1889,4,CDER,,,,,20-Jun-26
,AbbVie Inc.,103000,Botox ,onabotulinumtoxinA,351(a),200UNITS,For Injection,"Injection, Intramuscular, Intradermal, Intradetrusor",Single-Dose Vial,Rx,Licensed,9-Dec-91,N/A,N/A,,Original,1889,5,CDER,,,,,20-Jun-26
,Merck Teknika LLC,103050,,BCG Vaccine,351(a),100-800 MIL CFU,For Injection,Percutaneous,Single-Dose Vial,Rx,Licensed,21-Jun-89, ,N/A,0,Original,1747,1,CBER,,,,,
,"ALK-Abello, Inc.",103051,,"Pollens - Grasses, Bermuda Grass Cynodon dactylon",351(a),"10,000BAU/ML",Injection,Subcutaneous,Multi-Dose Vial,Rx,Licensed,29-Sep-58, ,N/A,0,Original,1256,1,CBER,,,,,
,"ALK-Abello, Inc.",103051,,"Pollens - Grasses, Bermuda Grass Cynodon dactylon",351(a),"10,000BAU/ML",Injection,Percutaneous,Multi-Dose Vial,Rx,Licensed,29-Sep-58, ,N/A,0,Original,1256,2,CBER,,,,,
,"ALK-Abello, Inc.",103052,,"Pollens - Grasses, Bluegrass, Kentucky (June) Poa pratensis",351(a),"10,000BAU/ML",Injection,Percutaneous,Multi-Dose Vial,Rx,Licensed,29-Sep-50, ,N/A,0,Original,1256,1,CBER,,,,,
,"ALK-Abello, Inc.",103052,,"Pollens - Grasses, Bluegrass, Kentucky (June) Poa pratensis",351(a),"10,000BAU/ML",Injection,Subcutaneous,Multi-Dose Vial,Rx,Licensed,29-Sep-50, ,N/A,0,Original,1256,2,CBER,,,,,
,"ALK-Abello, Inc.",103052,,"Pollens - Grasses, Bluegrass, Kentucky (June) Poa pratensis",351(a),"100,000BAU/ML",Injection,Percutaneous,Multi-Dose Vial,Rx,Licensed,29-Sep-50, ,N/A,0,Original,1256,3,CBER,,,,,
,"ALK-Abello, Inc.",103052,,"Pollens - Grasses, Bluegrass, Kentucky (June) Poa pratensis",351(a),"100,000BAU/ML ",Injection,Subcutaneous,Multi-Dose Vial,Rx,Licensed,29-Sep-50, ,N/A,0,Original,1256,4,CBER,,,,,
,"ALK-Abello, Inc.",103053,,"Pollens - Grasses, Fescue, Meadow Festuca elatior",351(a),"10,000BAU/ML",Injection,Percutaneous,Multi-Dose Vial,Rx,Licensed,29-Sep-50, ,N/A,0,Original,1256,1,CBER,,,,,
,"ALK-Abello, Inc.",103053,,"Pollens - Grasses, Fescue, Meadow Festuca elatior",351(a),"10,000BAU/ML",Injection,Subcutaneous,Multi-Dose Vial,Rx,Licensed,29-Sep-50, ,N/A,0,Original,1256,2,CBER,,,,,
,"ALK-Abello, Inc.",103053,,"Pollens - Grasses, Fescue, Meadow Festuca elatior",351(a),"100,000BAU/ML",Injection,Percutaneous,Multi-Dose Vial,Rx,Licensed,29-Sep-50, ,N/A,0,Original,1256,3,CBER,,,,,
,"ALK-Abello, Inc.",103053,,"Pollens - Grasses, Fescue, Meadow Festuca elatior",351(a),"100,000BAU/ML ",Injection,Subcutaneous,Multi-Dose Vial,Rx,Licensed,29-Sep-50, ,N/A,0,Original,1256,4,CBER,,,,,
,"ALK-Abello, Inc.",103054,,"Pollens - Grasses, Orchard Grass Dactylis glomerata",351(a),"10,000BAU/ML",Injection,Percutaneous,Multi-Dose Vial,Rx,Licensed,29-Sep-50, ,N/A,0,Original,1256,1,CBER,,,,,
,"ALK-Abello, Inc.",103054,,"Pollens - Grasses, Orchard Grass Dactylis glomerata",351(a),"10,000BAU/ML",Injection,Subcutaneous,Multi-Dose Vial,Rx,Licensed,29-Sep-50, ,N/A,0,Original,1256,2,CBER,,,,,
,"ALK-Abello, Inc.",103054,,"Pollens - Grasses, Orchard Grass Dactylis glomerata",351(a),"100,000BAU/ML",Injection,Percutaneous,Multi-Dose Vial,Rx,Licensed,29-Sep-50, ,N/A,0,Original,1256,3,CBER,,,,,
,"ALK-Abello, Inc.",103054,,"Pollens - Grasses, Orchard Grass Dactylis glomerata",351(a),"100,000BAU/ML",Injection,Subcutaneous,Multi-Dose Vial,Rx,Licensed,29-Sep-50, ,N/A,0,Original,1256,4,CBER,,,,,
,"ALK-Abello, Inc.",103055,,"Pollens - Grasses, Redtop Agrostis alba",351(a),"10,000BAU/ML",Injection,Percutaneous,Multi-Dose Vial,Rx,Licensed,29-Sep-50, ,N/A,0,Original,1256,1,CBER,,,,,
,"ALK-Abello, Inc.",103055,,"Pollens - Grasses, Redtop Agrostis alba",351(a),"10,000BAU/ML",Injection,Subcutaneous,Multi-Dose Vial,Rx,Licensed,29-Sep-50, ,N/A,0,Original,1256,2,CBER,,,,,
,"ALK-Abello, Inc.",103055,,"Pollens - Grasses, Redtop Agrostis alba",351(a),"100,000BAU/ML",Injection,Percutaneous,Multi-Dose Vial,Rx,Licensed,29-Sep-50, ,N/A,0,Original,1256,3,CBER,,,,,
,"ALK-Abello, Inc.",103055,,"Pollens - Grasses, Redtop Agrostis alba",351(a),"100,000BAU/ML",Injection,Subcutaneous,Multi-Dose Vial,Rx,Licensed,29-Sep-50, ,N/A,0,Original,1256,4,CBER,,,,,
,"ALK-Abello, Inc.",103056,,"Pollens - Grasses, Ryegrass, Perennial Lolium perenne",351(a),"10,000BAU/ML",Injection,Percutaneous,Multi-Dose Vial,Rx,Licensed,29-Sep-50, ,N/A,0,Original,1256,1,CBER,,,,,
,"ALK-Abello, Inc.",103056,,"Pollens - Grasses, Ryegrass, Perennial Lolium perenne",351(a),"10,000BAU/ML",Injection,Subcutaneous,Multi-Dose Vial,Rx,Licensed,29-Sep-50, ,N/A,0,Original,1256,2,CBER,,,,,
,"ALK-Abello, Inc.",103057,,"Pollens - Grasses, Sweet Vernal Grass Anthoxanthum odoratum",351(a),"100,000BAU/ML",Injection,Percutaneous,Multi-Dose Vial,Rx,Licensed,29-Sep-50, ,N/A,0,Original,1256,1,CBER,,,,,
,"ALK-Abello, Inc.",103057,,"Pollens - Grasses, Sweet Vernal Grass Anthoxanthum odoratum",351(a),"100,000BAU/ML",Injection,Subcutaneous,Multi-Dose Vial,Rx,Licensed,29-Sep-50, ,N/A,0,Original,1256,2,CBER,,,,,
,"ALK-Abello, Inc.",103058,,"Pollens - Grasses, Timothy Phleum pratense",351(a),"10,000BAU/ML",Injection,Percutaneous,Multi-Dose Vial,Rx,Licensed,29-Sep-50, ,N/A,0,Original,1256,1,CBER,,,,,
,"ALK-Abello, Inc.",103058,,"Pollens - Grasses, Timothy Phleum pratense",351(a),"100,000BAU/ML",Injection,Subcutaneous,Multi-Dose Vial,Rx,Licensed,29-Sep-50, ,N/A,0,Original,1256,2,CBER,,,,,
,"ALK-Abello, Inc.",103059,,"Pollens - Weeds and Garden Plants, Ragweed, Short Ambrosia artemisiifolia",351(a),1:20W/V,Injection,Percutaneous,Multi-Dose Vial,Rx,Licensed,29-Sep-50, ,N/A,0,Original,1256,1,CBER,,,,,
,"ALK-Abello, Inc.",103059,,"Pollens - Weeds and Garden Plants, Ragweed, Short Ambrosia artemisiifolia",351(a),1:20W/V,Injection,Subcutaneous,Multi-Dose Vial,Rx,Licensed,29-Sep-50, ,N/A,0,Original,1256,2,CBER,,,,,
,"ALK-Abello, Inc.",103060,,"Insects (Whole Body), Mite Dermatophagoides farinae",351(a),"10,000BAU/ML",Injection,Percutaneous,Multi-Dose Vial,Rx,Licensed,29-Sep-50, ,N/A,0,Original,1256,1,CBER,,,,,
,"ALK-Abello, Inc.",103060,,"Insects (Whole Body), Mite Dermatophagoides farinae",351(a),"10,000BAU/ML",Injection,Subcutaneous,Multi-Dose Vial,Rx,Licensed,29-Sep-50, ,N/A,0,Original,1256,2,CBER,,,,,
,"ALK-Abello, Inc.",103061,,"Animal Allergens, Standardized Cat Pelt",351(a),"10,000BAU/ML",Injection,Percutaneous,Dropper Vial,Rx,Voluntarily Revoked,29-Sep-50, ,N/A,0,Original,1256,1,CBER,,,,,
,"ALK-Abello, Inc.",103061,,"Animal Allergens, Standardized Cat Pelt",351(a),"10,000BAU/ML",Injection,Subcutaneous,Multi-Dose Vial,Rx,Voluntarily Revoked,29-Sep-50, ,N/A,0,Original,1256,2,CBER,,,,,
,Baxalta US Inc.,103112,Proplex-T; Bebulin,Factor IX Complex,351(a),200-1200U/20ML,For Injection,Intravenous,Vial,Rx,Voluntarily Revoked,21-Aug-70, , ,0,Original,2020,1,CBER,,,,,
,"Allermed Laboratories, Inc.",103113,,"Pollens - Weeds and Garden Plants, Ragweed, Short Ambrosia artemisiifolia",351(a),1:10W/V,Injection,Subcutaneous,Multi-Dose Vial,Rx,Licensed,13-Mar-74, ,N/A,0,Original,467,1,CBER,,,,,
,"Allermed Laboratories, Inc.",103113,,"Pollens - Weeds and Garden Plants, Ragweed, Short Ambrosia artemisiifolia",351(a),1:10W/V,Injection,Intradermal,Multi-Dose Vial,Rx,Licensed,13-Mar-74, ,N/A,0,Original,467,2,CBER,,,,,
,Bavarian Nordic A/S,103123,Vivotif,Typhoid Vaccine Live Oral Ty21a,351(a),2-6.8 BIL. CFU,Capsule,Oral,Blister Pack,Rx,Licensed,15-Dec-89, ,N/A,0,Original,2096,1,CBER,,,,,
,Merck Sharp & Dohme LLC,103132,Intron A,interferon alfa-2b,351(a),3MIU,For Injection,"Intramuscular, Intravenous, Subcutaneous",Single-Dose Vial,Disc,Voluntarily Revoked,4-Jun-86,N/A,N/A,,Original,2,1,CDER,,,,,21-Nov-95
,Merck Sharp & Dohme LLC,103132,Intron A,interferon alfa-2b,351(a),5MIU,For Injection,"Intramuscular, Intravenous, Subcutaneous",Single-Dose Vial,Disc,Voluntarily Revoked,4-Jun-86,N/A,N/A,,Original,2,2,CDER,,,,,21-Nov-95
,Merck Sharp & Dohme LLC,103132,Intron A,interferon alfa-2b,351(a),10MIU,For Injection,"Subcutaneous, Intravenous, Intralesional, Intramuscular",Single-Dose Vial,Disc,Voluntarily Revoked,4-Jun-86,N/A,N/A,,Original,2,3,CDER,,,,,21-Nov-95
,Merck Sharp & Dohme LLC,103132,Intron A,interferon alfa-2b,351(a),25MIU,For Injection,"Intramuscular, Intravenous, Subcutaneous",Multi-Dose Vial,Disc,Voluntarily Revoked,4-Jun-86,N/A,N/A,,Original,2,4,CDER,,,,,21-Nov-95
,Merck Sharp & Dohme LLC,103132,Intron A,interferon alfa-2b,351(a),18MIU,For Injection,"Intramuscular, Intravenous, Subcutaneous",Multi-Dose Vial,Disc,Voluntarily Revoked,,N/A,N/A,,Supplement,2,5,CDER,,,,,21-Nov-95
,Merck Sharp & Dohme LLC,103132,Intron A,interferon alfa-2b,351(a),50MIU,For Injection,"Intramuscular, Intravenous, Subcutaneous",Single-Dose Vial,Disc,Voluntarily Revoked,,N/A,N/A,,Supplement,2,6,CDER,,,,,21-Nov-95
,Merck Sharp & Dohme LLC,103132,Intron A,interferon alfa-2b,351(a),3MIU,Injection ,"Subcutaneous, Intramuscular",Single-Dose Vial,Disc,Voluntarily Revoked,,N/A,N/A,,Supplement,2,7,CDER,,,,,21-Nov-95
,Merck Sharp & Dohme LLC,103132,Intron A,interferon alfa-2b,351(a),5MIU,Injection ,"Intralesional, Intramuscular, Subcutaneous",Single-Dose Vial,Disc,Voluntarily Revoked,,N/A,N/A,,Supplement,2,8,CDER,,,,,21-Nov-95
,Merck Sharp & Dohme LLC,103132,Intron A,interferon alfa-2b,351(a),10MIU,Injection ,"Intralesional, Intramuscular, Subcutaneous",Single-Dose Vial,Disc,Voluntarily Revoked,,N/A,N/A,,Supplement,2,9,CDER,,,,,21-Nov-95
,Merck Sharp & Dohme LLC,103132,Intron A,interferon alfa-2b,351(a),18MIU,Injection ,"Subcutaneous, Intramuscular",Multi-Dose Vial,Disc,Voluntarily Revoked,,N/A,N/A,,Supplement,2,10,CDER,,,,,21-Nov-95
,Merck Sharp & Dohme LLC,103132,Intron A,interferon alfa-2b,351(a),25MIU,Injection ,"Intralesional, Intramuscular, Subcutaneous",Multi-Dose Vial,Disc,Voluntarily Revoked,,N/A,N/A,,Supplement,2,11,CDER,,,,,21-Nov-95
,Merck Sharp & Dohme LLC,103132,Intron A,interferon alfa-2b,351(a),3MIU,Injection ,Subcutaneous,Pre-Filled Syringe,Disc,Voluntarily Revoked,,N/A,N/A,,Supplement,2,12,CDER,,,,,21-Nov-95
,Merck Sharp & Dohme LLC,103132,Intron A,interferon alfa-2b,351(a),5MIU,Injection ,Subcutaneous,Pre-Filled Syringe,Disc,Voluntarily Revoked,,N/A,N/A,,Supplement,2,13,CDER,,,,,21-Nov-95
,Merck Sharp & Dohme LLC,103132,Intron A,interferon alfa-2b,351(a),10MIU,Injection ,Subcutaneous,Pre-Filled Syringe,Disc,Voluntarily Revoked,,N/A,N/A,,Supplement,2,14,CDER,,,,,21-Nov-95
,"Takeda Pharmaceuticals U.S.A., Inc.",103133,"Gammagard, Gammagard S/D, Iveegam",Immune Globulin Intravenous (Human),351(a),0.5G,For Injection,Intravenous,Single-Use Bottle,Disc,Licensed,18-Feb-86, ,N/A,0,Original,1898,1,CBER,,,,,
,"Takeda Pharmaceuticals U.S.A., Inc.",103133,"Gammagard, Gammagard S/D, Iveegam",Immune Globulin Intravenous (Human),351(a),1000MG,For Injection,Intravenous,Single-Use Bottle,Disc,Licensed,18-Feb-86, ,N/A,0,Original,1898,2,CBER,,,,,
,"Takeda Pharmaceuticals U.S.A., Inc.",103133,"Gammagard, Gammagard S/D, Iveegam",Immune Globulin Intravenous (Human),351(a),2500MG,For Injection,Intravenous,Single-Use Bottle,Disc,Licensed,18-Feb-86, ,N/A,0,Original,1898,3,CBER,,,,,
,"Takeda Pharmaceuticals U.S.A., Inc.",103133,"Gammagard, Gammagard S/D, Iveegam",Immune Globulin Intravenous (Human),351(a),500MG,For Injection,Intravenous,Single-Use Bottle,Disc,Licensed,18-Feb-86, ,N/A,0,Original,1898,4,CBER,,,,,
,"Takeda Pharmaceuticals U.S.A., Inc.",103133,"Gammagard, Gammagard S/D, Iveegam",Immune Globulin Intravenous (Human),351(a),5000MG,For Injection,Intravenous,Single-Use Bottle,Disc,Licensed,18-Feb-86, ,N/A,0,Original,1898,5,CBER,,,,,
,"Takeda Pharmaceuticals U.S.A., Inc.",103133,"Gammagard, Gammagard S/D, Iveegam",Immune Globulin Intravenous (Human),351(a),10G,For Injection,Intravenous,Single-Use Bottle,Rx,Licensed,27-Jul-00, ,N/A,1064,Supplement,1898,6,CBER,,,,,
,"Takeda Pharmaceuticals U.S.A., Inc.",103133,"Gammagard, Gammagard S/D, Iveegam",Immune Globulin Intravenous (Human),351(a),2.5G,For Injection,Intravenous,Single-Use Bottle,Disc,Licensed,27-Jul-00, ,N/A,1064,Supplement,1898,7,CBER,,,,,
,"Takeda Pharmaceuticals U.S.A., Inc.",103133,"Gammagard, Gammagard S/D, Iveegam",Immune Globulin Intravenous (Human),351(a),5.0G,For Injection,Intravenous,Single-Use Bottle,Rx,Licensed,27-Jul-00, ,N/A,1064,Supplement,1898,8,CBER,,,,,
,Wellcome Foundation Limited Wellcome Research Laboratories,103141,Digibind,Digoxin Immune Fab (Ovine),351(a),38MG,For Injection,Intravenous,Single-Dose Vial,Disc,Voluntarily Revoked,22-Apr-86, ,N/A,0,Original,129,1,CBER,,,,,22-Apr-93
,Hoffmann-La Roche Inc.,103145,Roferon-A,interferon alfa-2a,351(a),3MIU/0.5ML,For Injection,Subcutaneous,Pre-Filled Syringe,Disc,Voluntarily Revoked,4-Jun-86,N/A,N/A,,,136,1,CDER,,,,,
,AIM ImmunoTech Inc.,103158,Alferon N Injection,interferon alfa-n3 (human leukocyte derived),351(a),5MILLION IU/1ML,Injection ,Intravenous,Vial,Disc,Licensed,10-Oct-89,N/A,N/A,,Original,1703,1,CDER,,,,,
,Sanofi Pasteur Limited,103171,Tenivac,Tetanus and Diphtheria Toxoids Adsorbed,351(a),"5LF,2LF/.5ML",Injection,Intramuscular,Pre-Filled Syringe,Rx,Licensed,3-Nov-03,N/A,N/A,0,Original,1726,1,CBER,,,,,
,Sanofi Pasteur Limited,103171,Tenivac,Tetanus and Diphtheria Toxoids Adsorbed,351(a),"5LF,2LF/.5ML",Injection,Intramuscular,Single-Dose Vial,Rx,Licensed,3-Nov-03, ,N/A,0,Original,1726,2,CBER,,,,,
,"Genentech, Inc.",103172,Activase,alteplase,351(a),50MG,For Injection,Intravenous,Single-Dose Vial,Rx,Licensed,13-Nov-87,N/A,N/A,,Original,1048,1,CDER,,,,,
,"Genentech, Inc.",103172,Activase,alteplase,351(a),100MG,For Injection,Intravenous,Single-Dose Vial,Rx,Licensed,13-Nov-87,N/A,N/A,,Original,1048,2,CDER,,,,,
,"Genentech, Inc.",103172,Cathflo Activase,alteplase,351(a),2MG,For Injection,Intravenous,Single-Dose Vial,Rx,Licensed,4-Sep-01,N/A,N/A,5003,Supplement,1048,3,CDER,,,,,
,Grifols Therapeutics LLC,103174,"prolastin,prolastin-c,prolastin-c liquid",Alpha-1-Proteinase Inhibitor (Human),351(a),1000MG,For Injection,Intravenous,Single-Dose Vial,Rx,Licensed,2-Dec-87, ,N/A,0,Original,1871,1,CBER,,,,,2-Dec-94
,Grifols Therapeutics LLC,103174,"prolastin,prolastin-c,prolastin-c liquid",Alpha-1-Proteinase Inhibitor (Human),351(a),500MG,For Injection,Intravenous,Single-Dose Vial,Disc,Licensed,2-Dec-87, ,N/A,0,Original,1871,2,CBER,,,,,2-Dec-94
,Grifols Therapeutics LLC,103174,"prolastin,prolastin-c,prolastin-c liquid",Alpha-1-Proteinase Inhibitor (Human),351(a),1000MG/20ML,Injection,Intravenous,Single-Dose Vial,Rx,Licensed,8-Sep-17, ,N/A,6160,Supplement,1871,3,CBER,,,,,2-Dec-94
,Grifols Therapeutics LLC,103174,"prolastin,prolastin-c,prolastin-c liquid",Alpha-1-Proteinase Inhibitor (Human),351(a),4000MG/80ML,Injection,Intravenous,Single-Dose Vial,Rx,Licensed,5-Mar-20, ,N/A,6314,Supplement,1871,4,CBER,,,,,2-Dec-94
,Grifols Therapeutics LLC,103174,"prolastin,prolastin-c,prolastin-c liquid",Alpha-1-Proteinase Inhibitor (Human),351(a),500MG/10ML,Injection,Intravenous,Single-Dose Vial,Rx,Licensed,5-Mar-20, ,N/A,6314,Supplement,1871,5,CBER,,,,,2-Dec-94
,Kamada Ltd.,103189,Cytogam,Cytomegalovirus Immune Globulin Intravenous (Human),351(a),2.5G/50ML,Injection,Intravenous,Single-Dose Vial,Rx,Licensed,17-Apr-90, ,N/A,0,Original,1826,1,CBER,,,,,4-Oct-05
,Grifols Therapeutics LLC,103196,Thrombate Iii,Antithrombin III (Human),351(a),500IU,For Injection,Intravenous,Single-Dose Vial,Rx,Licensed,30-Dec-91, ,N/A,0,Original,1871,1,CBER,,,,,30-Dec-98
,Amgen Inc.,103234,Epogen/Procrit,epoetin alfa,351(a),"10,000UNITS/ML",Injection ,"Intravenous, Subcutaneous ",Single-Dose Vial,Rx,Licensed,1-Jun-89,N/A,N/A,,Original,1080,1,CDER,,,,,31-Dec-97
,Amgen Inc.,103234,Epogen/Procrit,epoetin alfa,351(a),"20,000UNITS/2ML (10,000UNITS/ML)",Injection ,"Intravenous, Subcutaneous ",Multi-Dose Vial,Rx,Licensed,,N/A,N/A,,Supplement,1080,2,CDER,,,,,31-Dec-97
,Amgen Inc.,103234,Epogen/Procrit,epoetin alfa,351(a),"20,000UNITS/ML",Injection ,"Intravenous, Subcutaneous ",Multi-Dose Vial,Rx,Licensed,,N/A,N/A,,Supplement,1080,3,CDER,,,,,31-Dec-97
,Amgen Inc.,103234,Epogen/Procrit,epoetin alfa,351(a),"2,000UNITS/ML",Injection ,"Intravenous, Subcutaneous ",Single-Dose Vial,Rx,Licensed,1-Jun-89,N/A,N/A,,Original,1080,4,CDER,,,,,31-Dec-97
,Amgen Inc.,103234,Epogen/Procrit,epoetin alfa,351(a),"3,000UNITS/ML",Injection ,"Intravenous, Subcutaneous ",Single-Dose Vial,Rx,Licensed,1-Jun-89,N/A,N/A,,Original,1080,5,CDER,,,,,31-Dec-97
,Amgen Inc.,103234,Procrit,epoetin alfa,351(a),"40,000UNITS/ML",Injection ,"Intravenous, Subcutaneous ",Single-Dose Vial,Rx,Licensed,,N/A,N/A,,Supplement,1080,6,CDER,,,,,31-Dec-97
,Amgen Inc.,103234,Epogen/Procrit,epoetin alfa,351(a),"4,000UNITS/ML",Injection ,"Intravenous, Subcutaneous ",Single-Dose Vial,Rx,Licensed,1-Jun-89,N/A,N/A,,Original,1080,7,CDER,,,,,31-Dec-97
,Merck Sharp & Dohme LLC,103237,Pedvaxhib,Haemophilus b Conjugate Vaccine (Meningococcal Protein Conjugate),351(a),7.5UG/.5ML,Injection,Intramuscular,Single-Dose Vial,Rx,Licensed,20-Dec-89, ,N/A,0,Original,2,1,CBER,,,,,
,GlaxoSmithKline Biologicals,103239,Engerix-B,Hepatitis B Vaccine (Recombinant),351(a),20UG/ML,Injection,Intramuscular,Pre-Filled Syringe,Rx,Licensed,28-Aug-89, ,N/A,0,Original,1617,1,CBER,,,,,
,GlaxoSmithKline Biologicals,103239,Engerix-B,Hepatitis B Vaccine (Recombinant),351(a),20UG/ML,Injection,Intramuscular,Single-Dose Vial,Rx,Licensed,28-Aug-89, ,N/A,0,Original,1617,2,CBER,,,,,
,GlaxoSmithKline Biologicals,103239,Engerix-B,Hepatitis B Vaccine (Recombinant),351(a),10UG/.5ML,Injection,Intramuscular,Pre-Filled Syringe,Rx,Licensed,28-Aug-89, ,N/A,0,Original,1617,3,CBER,,,,,
,GlaxoSmithKline Biologicals,103239,Engerix-B,Hepatitis B Vaccine (Recombinant),351(a),10UG/.5ML,Injection,Intramuscular,Single-Dose Vial,Rx,Licensed,28-Aug-89, ,N/A,0,Original,1617,4,CBER,,,,,
,Grifols Biologicals LLC,103249,"Alphanine, Alphanine Hp, Alphanine Sd",Coagulation Factor IX (Human),351(a),500IU,Injection,Intravenous,Single-Dose Vial,Rx,Licensed,31-Dec-90, ,N/A,0,Original,1694,1,CBER,,,,,31-Dec-97
,Grifols Biologicals LLC,103249,"Alphanine, Alphanine Hp, Alphanine Sd",Coagulation Factor IX (Human),351(a),1000IU,Injection,Intravenous,Single-Dose Vial,Rx,Licensed,31-Dec-90, ,N/A,0,Original,1694,2,CBER,,,,,31-Dec-97
,Grifols Biologicals LLC,103249,"Alphanine, Alphanine Hp, Alphanine Sd",Coagulation Factor IX (Human),351(a),250IU,Injection,Intravenous,Single-Dose Vial,Disc,Licensed,31-Dec-90, ,N/A,0,Original,1694,3,CBER,,,,,31-Dec-97
,Grifols Biologicals LLC,103249,"Alphanine, Alphanine Hp, Alphanine Sd",Coagulation Factor IX (Human),351(a),1500IU,Injection,Intravenous,Single-Dose Vial,Rx,Licensed,31-Dec-90, ,N/A,0,Original,1694,4,CBER,,,,,31-Dec-97
,"Nielsen Bioscience, Inc",103257,Candin,Candida albicans Skin Test Antigen for Cellular Hypersensitivity,351(a),1U/.1ML,Injection,Intradermal,Multi-Dose Vial,Rx,Licensed,27-Nov-95, ,N/A,0,Original,1903,1,CBER,,,,,
,Iovance Biotherapeutics Manufacturing LLC,103293,Proleukin,aldesleukin,351(a),22MILLION INTERNATIONAL UNITS (1.3MG),For Injection,Intravenous,Single-Dose Vial,Rx,Licensed,5-May-92,N/A,N/A,,Original,2353,1,CDER,,,,,9-Jan-05
,"Nielsen Bioscience, Inc",103317,,Positive Skin Test Control-Histamine,351(a),1.8MG/ML,Injection,Percutaneous,Vial,Disc,Licensed,14-Feb-92, ,N/A,0,Original,1903,1,CBER,,,,,
,"Allergy Laboratories, Inc.",103324,,"Animal Allergens, Standardized Cat Hair",351(a),"10,000BAU/ML ",Injection,Percutaneous,Dropper Vial,Disc,Voluntarily Revoked,11-Jul-30, ,N/A,0,Original,103,1,CBER,,,,,
,"Allergy Laboratories, Inc.",103324,,"Animal Allergens, Standardized Cat Hair",351(a),"10,000BAU/ML ",Injection,Subcutaneous,Multi-Dose Vial,Disc,Voluntarily Revoked,11-Jul-30, ,N/A,0,Original,103,2,CBER,,,,,
,Bayer HealthCare LLC,103332,"Helixate Fs, Kogenate, Kogenate Fs",Antihemophilic Factor (Recombinant),351(a),250IU,For Injection,Intravenous,Single-Dose Vial,Disc,Licensed,20-Aug-02, ,N/A,5000,Supplement,8,1,CBER,,,,,25-Feb-00
,Bayer HealthCare LLC,103332,"Helixate Fs, Kogenate, Kogenate Fs",Antihemophilic Factor (Recombinant),351(a),500IU,For Injection,Intravenous,Single-Dose Vial,Disc,Licensed,20-Aug-02, ,N/A,5000,Supplement,8,2,CBER,,,,,25-Feb-00
,Bayer HealthCare LLC,103332,"Helixate Fs, Kogenate, Kogenate Fs",Antihemophilic Factor (Recombinant),351(a),1000IU,For Injection,Intravenous,Single-Dose Vial,Disc,Licensed,20-Aug-02, ,N/A,5000,Supplement,8,3,CBER,,,,,25-Feb-00
,Bayer HealthCare LLC,103332,"Helixate Fs, Kogenate, Kogenate Fs",Antihemophilic Factor (Recombinant),351(a),2000IU,For Injection,Intravenous,Single-Dose Vial,Disc,Licensed,7-Jun-07, ,N/A,5672,Supplement,8,4,CBER,,,,,25-Feb-00
,Bayer HealthCare LLC,103332,"Helixate Fs, Kogenate, Kogenate Fs",Antihemophilic Factor (Recombinant),351(a),3000IU,For Injection,Intravenous,Single-Dose Vial,Disc,Licensed,31-Jul-09, ,N/A,5987,Supplement,8,5,CBER,,,,,25-Feb-00
,Bavarian Nordic A/S,103334,Rabavert,Rabies Vaccine,351(a),2.5IU,For Injection,Intramuscular,Single-Dose Vial,Rx,Licensed,20-Oct-97, ,N/A,0,Original,2096,1,CBER,,,,,
,"Instituto Grifols, S.A.",103352,Human Albumin Grifols,Albumin (Human),351(a),12.5G/50ML,Injection,Intravenous,Single-Dose Vial,Disc,Licensed,17-Feb-95, ,N/A,5024,Supplement,1181,1,CBER,,,,,
,"Instituto Grifols, S.A.",103352,Human Albumin Grifols,Albumin (Human),351(a),20G/100ML,Injection,Intravenous,Single-Dose Vial,Rx,Licensed,11-Jun-03, ,N/A,0,Original,1181,2,CBER,,,,,
,"Instituto Grifols, S.A.",103352,Human Albumin Grifols,Albumin (Human),351(a),10G/50ML,Injection,Intravenous,Single-Dose Vial,Disc,Licensed,17-Feb-95, ,N/A,5024,Supplement,1181,3,CBER,,,,,
,"Instituto Grifols, S.A.",103352,Human Albumin Grifols,Albumin (Human),351(a),25G/100ML,Injection,Intravenous,Single-Dose Vial,Disc,Licensed,11-Jun-03, ,N/A,0,Original,1181,4,CBER,,,,,
,Amgen Inc.,103353,Neupogen,filgrastim,351(a),300MCG/ML,Injection ,"Intravenous, Subcutaneous ",Single-Dose Vial,Rx,Licensed,20-Feb-91,N/A,N/A,,Original,1080,1,CDER,,,,,30-Mar-22
,Amgen Inc.,103353,Neupogen,filgrastim,351(a),480MCG/1.6ML,Injection ,"Intravenous, Subcutaneous ",Single-Dose Vial,Rx,Licensed,20-Feb-91,N/A,N/A,,Original,1080,2,CDER,,,,,30-Mar-22
,Amgen Inc.,103353,Neupogen,filgrastim,351(a),300MCG/0.5ML,Injection ,Subcutaneous,Pre-Filled Syringe,Rx,Licensed,28-Jun-00,N/A,N/A,1043,Supplement,1080,3,CDER,,,,,30-Mar-22
,Amgen Inc.,103353,Neupogen,filgrastim,351(a),480MCG/0.8ML,Injection ,Subcutaneous,Pre-Filled Syringe,Rx,Licensed,28-Jun-00,N/A,N/A,1043,Supplement,1080,4,CDER,,,,,30-Mar-22
,"Partner Therapeutics, Inc.",103362,Leukine,sargramostim,351(a),250MCG,For Injection,"Intravenous, Subcutaneous ",Single-Dose Vial,Rx,Licensed,5-Mar-91,N/A,N/A,,Original,2087,1,CDER,,,,,29-Mar-25
,"Partner Therapeutics, Inc.",103362,Leukine,sargramostim,351(a),500MCG/ML,Injection ,"Intravenous, Subcutaneous ",Multi-Dose Vial,Disc,Licensed,5-Mar-91,N/A,N/A,,Original,2087,2,CDER,,,,,29-Mar-25
,"Takeda Pharmaceuticals U.S.A., Inc.",103375,"Bioclate (Armour), Recombinate",Antihemophilic Factor (Recombinant),351(a),1000IU,For Injection,Intravenous,Single-Dose Vial,Rx,Licensed,10-Dec-92, ,N/A,0,Original,1898,1,CBER,,,,,
,"Takeda Pharmaceuticals U.S.A., Inc.",103375,"Bioclate (Armour), Recombinate",Antihemophilic Factor (Recombinant),351(a),500IU,For Injection,Intravenous,Single-Dose Vial,Rx,Licensed,10-Dec-92, ,N/A,0,Original,1898,2,CBER,,,,,
,"Takeda Pharmaceuticals U.S.A., Inc.",103375,"Bioclate (Armour), Recombinate",Antihemophilic Factor (Recombinant),351(a),250IU,For Injection,Intravenous,Single-Dose Vial,Rx,Licensed,10-Dec-92, ,N/A,0,Original,1898,3,CBER,,,,,
,"Takeda Pharmaceuticals U.S.A., Inc.",103375,"Bioclate (Armour), Recombinate",Antihemophilic Factor (Recombinant),351(a),1500IU,For Injection,Intravenous,Single-Dose Vial,Rx,Licensed,10-Mar-10, ,N/A,5313,Supplement,1898,4,CBER,,,,,
,"Takeda Pharmaceuticals U.S.A., Inc.",103375,"Bioclate (Armour), Recombinate",Antihemophilic Factor (Recombinant),351(a),2000IU,For Injection,Intravenous,Single-Dose Vial,Rx,Licensed,10-Mar-10, ,N/A,5313,Supplement,1898,5,CBER,,,,,
,"Greer Laboratories, Inc.",103397,,"Animal Allergens, Standardized Cat Hair",351(a),"10,000BAU/ML",Injection,Percutaneous,Dropper Vial,Rx,Licensed,15-Sep-58, ,N/A,0,Original,308,1,CBER,,,,,
,"Greer Laboratories, Inc.",103397,,"Animal Allergens, Standardized Cat Hair",351(a),"10,000BAU/ML",Injection,Intradermal,Multi-Dose Vial,Rx,Licensed,15-Sep-58, ,N/A,0,Original,308,2,CBER,,,,,
,"Greer Laboratories, Inc.",103397,,"Animal Allergens, Standardized Cat Hair",351(a),"10,000BAU/ML",Injection,Subcutaneous,Multi-Dose Vial,Rx,Licensed,15-Sep-58, ,N/A,0,Original,308,3,CBER,,,,,
,"Greer Laboratories, Inc.",103397,,"Animal Allergens, Standardized Cat Hair",351(a),"10,000BAU/ML",Injection,Percutaneous,Multi-Dose Vial,Rx,Licensed,15-Sep-58, ,N/A,0,Original,308,4,CBER,,,,,
,"Greer Laboratories, Inc.",103397,,"Animal Allergens, Standardized Cat Hair",351(a),"5,000BAU/ML",Injection,Intradermal,Multi-Dose Vial,Rx,Licensed,15-Sep-58, ,N/A,0,Original,308,5,CBER,,,,,
,"Greer Laboratories, Inc.",103397,,"Animal Allergens, Standardized Cat Hair",351(a),"5,000BAU/ML",Injection,Subcutaneous,Multi-Dose Vial,Rx,Licensed,15-Sep-58, ,N/A,0,Original,308,6,CBER,,,,,
,"Greer Laboratories, Inc.",103397,,"Animal Allergens, Standardized Cat Hair",351(a),"5,000BAU/ML",Injection,Percutaneous,Multi-Dose Vial,Rx,Licensed,15-Sep-58, ,N/A,0,Original,308,7,CBER,,,,,
,Servier Pharmaceuticals LLC,103411,Oncaspar,pegaspargase,351(a),"3,750IU/5ML(750IU/ML)",Injection ,"Intravenous, Intramuscular",Single-Dose Vial,Rx,Licensed,1-Feb-94,N/A,N/A,,Original,2125,1,CDER,,,,,1-Feb-01
,"Centocor Ortho Biotech Products, L.P.",103463,Orthoclone OKT3,muromonab-CD3,351(a),1MG/ML,Injection ,Intravenous,Ampule,Disc,Voluntarily Revoked,14-Sep-92,N/A,N/A,,,1824,1,CDER,,,,,
,Bayer HealthCare Pharmaceuticals Inc.,103471,Betaseron,interferon beta-1b,351(a),0.3MG,For Injection,Subcutaneous,Single-Dose Vial,Rx,Licensed,23-Jul-93,N/A,N/A,,Original,1778,1,CDER,,,,,
,"Allermed Laboratories, Inc.",103473,,"Animal Allergens, Standardized Cat Hair",351(a),"10,000BAU/ML",Injection,Percutaneous,Dropper Vial,Rx,Licensed,12-Mar-74, ,N/A,0,Original,467,1,CBER,,,,,
,"Allermed Laboratories, Inc.",103473,,"Animal Allergens, Standardized Cat Hair",351(a),"10,000BAU/ML",Injection,Subcutaneous,Multi-Dose Vial,Rx,Licensed,12-Mar-74, ,N/A,0,Original,467,2,CBER,,,,,
,GlaxoSmithKline Biologicals,103475,Havrix,Hepatitis A Vaccine,351(a),720ELISA U/.5ML,Injection,Intramuscular,Pre-Filled Syringe,Rx,Licensed,22-Feb-95, ,N/A,0,Original,1617,1,CBER,,,,,
,GlaxoSmithKline Biologicals,103475,Havrix,Hepatitis A Vaccine,351(a),720ELISA U/.5ML,Injection,Intramuscular,Single-Dose Vial,Rx,Licensed,22-Feb-95, ,N/A,0,Original,1617,2,CBER,,,,,
,GlaxoSmithKline Biologicals,103475,Havrix,Hepatitis A Vaccine,351(a),1440ELISA U/ML,Injection,Intramuscular,Pre-Filled Syringe,Rx,Licensed,22-Feb-95, ,N/A,0,Original,1617,3,CBER,,,,,
,GlaxoSmithKline Biologicals,103475,Havrix,Hepatitis A Vaccine,351(a),1440ELISA U/ML,Injection,Intramuscular,Single-Dose Vial,Rx,Licensed,22-Feb-95, ,N/A,0,Original,1617,4,CBER,,,,,
,"Genentech, Inc.",103532,Pulmozyme,dornase alfa,351(a),2.5MG/2.5ML (1MG/ML),Solution,Inhalation,Ampule,Rx,Licensed,30-Dec-93,N/A,N/A,,Original,1048,1,CDER,,,,,30-Dec-00
,Merck Sharp & Dohme LLC,103552,Varivax,Varicella Virus Vaccine Live,351(a),NLT  1350PFU/.5ML,For Injection,Subcutaneous,Single-Dose Vial,Rx,Licensed,17-Mar-95, ,N/A,0,Original,2,1,CBER,,,,,
,Merck Sharp & Dohme LLC,103552,Varivax,Varicella Virus Vaccine Live,351(a),NLT  1350PFU/.5ML,For Injection,Intramuscular,Single-Dose Vial,Rx,Licensed,27-Feb-23, ,N/A,6277,Supplement,2,2,CBER,,,,,
,"Greer Laboratories, Inc.",103569,,Plague Vaccine,351(a),2BIL. CELL/ML,Injection,Intramuscular,Single-Dose Vial,Disc,Licensed,5-Oct-94, ,N/A,0,Original,308,1,CBER,,,,,
,"Janssen Biotech, Inc.",103575,Reopro,abciximab,351(a),"	2MG/ML",Injection ,Intravenous,Single-Dose Vial,Disc,Voluntarily Revoked,22-Dec-94,N/A,N/A,,Original,1864,1,CDER,,,,,
,Merck Sharp & Dohme LLC,103606,Vaqta,Hepatitis A Vaccine Inactivated,351(a),50U/ML,Injection,Intramuscular,Pre-Filled Syringe,Rx,Licensed,29-Mar-96, ,N/A,0,Original,2,1,CBER,,,,,
,Merck Sharp & Dohme LLC,103606,Vaqta,Hepatitis A Vaccine Inactivated,351(a),25U/.5ML,Injection,Intramuscular,Pre-Filled Syringe,Rx,Licensed,29-Mar-96, ,N/A,0,Original,2,2,CBER,,,,,
,Merck Sharp & Dohme LLC,103606,Vaqta,Hepatitis A Vaccine Inactivated,351(a),50U/ML,Injection,Intramuscular,Single-Dose Vial,Rx,Licensed,29-Mar-96,N/A,N/A,0,Original,2,3,CBER,,,,,
,Merck Sharp & Dohme LLC,103606,Vaqta,Hepatitis A Vaccine Inactivated,351(a),25U/.5ML,Injection,Intramuscular,Single-Dose Vial,Rx,Licensed,29-Mar-96, ,N/A,0,Original,2,4,CBER,,,,,
,"Aytu BioScience, Inc.",103608,ProstaScint,capromab pendetide,351(a),0.5MG/1ML,Injection ,Intravenous,Single-Dose Vial,Disc,Licensed,28-Oct-96,N/A,N/A,,Original,2035,1,CDER,,,,,
,Merck Sharp & Dohme LLC,103623,COMVAX ,Haemophilus b Conjugate (Meningococcal Protein Conjugate) and Hepatitis B (Recombinant) Vaccine,351(a),7.5UG PRP/125UG OMPC/5UG HBsAg,Injection,Intramuscular,Vial,Disc,Voluntarily Revoked,2-Oct-96, , ,0,Original,2,1,CBER,,,,,
,Biogen Inc.,103628,Avonex,interferon beta-1a,351(a),30MCG,For Injection,Intramuscular,Single-Dose Vial,Disc,Licensed,17-May-96,N/A,N/A,,Original,1697,1,CDER,,,,,17-May-03
,Biogen Inc.,103628,Avonex,interferon beta-1a,351(a),30MCG/0.5ML,Injection ,Intramuscular,Pre-Filled Syringe,Rx,Licensed,28-May-03,N/A,N/A,5021,Supplement,1697,2,CDER,,,,,17-May-03
,Biogen Inc.,103628,Avonex,interferon beta-1a,351(a),30MCG/0.5ML,Injection ,Intramuscular,Autoinjector,Rx,Licensed,27-Feb-12,N/A,N/A,5191,Supplement,1697,3,CDER,,,,,17-May-03
,GlaxoSmithKline Biologicals,103647,Infanrix,Diphtheria & Tetanus Toxoids & Acellular Pertussis Vaccine Adsorbed,351(a),25LF/10LF/25UG/.5ML,Injection,Intramuscular,Pre-Filled Syringe,Rx,Licensed,29-Jan-97, ,N/A,0,Original,1617,1,CBER,,,,,
,GlaxoSmithKline Biologicals,103647,Infanrix,Diphtheria & Tetanus Toxoids & Acellular Pertussis Vaccine Adsorbed,351(a),25LF/10LF/25UG/.5ML,Injection,Intramuscular,Single-Dose Vial,Rx,Licensed,29-Jan-97, ,N/A,0,Original,1617,2,CBER,,,,,
,Kamada Ltd.,103649,"Winrho Sd, Winrho Sdf Liquid, Winrho Sdf Lyophilized",Rho(D) Immune Globulin Intravenous (Human),351(a),5000IU,For Injection,Intramuscular,Vial,Disc,Licensed,2-Apr-96, ,N/A,0,Original,2098,1,CBER,,,,,24-Mar-02
,Kamada Ltd.,103649,"Winrho Sd, Winrho Sdf Liquid, Winrho Sdf Lyophilized",Rho(D) Immune Globulin Intravenous (Human),351(a),5000IU,For Injection,Intravenous,Vial,Disc,Licensed,2-Apr-96, ,N/A,0,Original,2098,2,CBER,,,,,24-Mar-02
,Kamada Ltd.,103649,"Winrho Sd, Winrho Sdf Liquid, Winrho Sdf Lyophilized",Rho(D) Immune Globulin Intravenous (Human),351(a),1500IU,For Injection,Intramuscular,Vial,Disc,Licensed,2-Apr-96, ,N/A,0,Original,2098,3,CBER,,,,,24-Mar-02
,Kamada Ltd.,103649,"Winrho Sd, Winrho Sdf Liquid, Winrho Sdf Lyophilized",Rho(D) Immune Globulin Intravenous (Human),351(a),1500IU,For Injection,Intravenous,Vial,Disc,Licensed,2-Apr-96, ,N/A,0,Original,2098,4,CBER,,,,,24-Mar-02
,Kamada Ltd.,103649,"Winrho Sd, Winrho Sdf Liquid, Winrho Sdf Lyophilized",Rho(D) Immune Globulin Intravenous (Human),351(a),600IU,For Injection,Intramuscular,Vial,Disc,Licensed,2-Apr-96, ,N/A,0,Original,2098,5,CBER,,,,,24-Mar-02
,Kamada Ltd.,103649,"Winrho Sd, Winrho Sdf Liquid, Winrho Sdf Lyophilized",Rho(D) Immune Globulin Intravenous (Human),351(a),600IU,For Injection,Intravenous,Vial,Disc,Licensed,2-Apr-96, ,N/A,0,Original,2098,6,CBER,,,,,24-Mar-02
,Kamada Ltd.,103649,"Winrho Sd, Winrho Sdf Liquid, Winrho Sdf Lyophilized",Rho(D) Immune Globulin Intravenous (Human),351(a),15000IU,Injection,Intramuscular,Vial,Disc,Licensed,31-Mar-05, ,N/A,5107,Supplement,2098,7,CBER,,,,,24-Mar-02
,Kamada Ltd.,103649,"Winrho Sd, Winrho Sdf Liquid, Winrho Sdf Lyophilized",Rho(D) Immune Globulin Intravenous (Human),351(a),15000IU,Injection,Intravenous,Vial,Disc,Licensed,31-Mar-05, ,N/A,5107,Supplement,2098,8,CBER,,,,,24-Mar-02
,Kamada Ltd.,103649,"Winrho Sd, Winrho Sdf Liquid, Winrho Sdf Lyophilized",Rho(D) Immune Globulin Intravenous (Human),351(a),5000IU,Injection,Intramuscular,Vial,Disc,Licensed,31-Mar-05, ,N/A,5107,Supplement,2098,9,CBER,,,,,24-Mar-02
,Kamada Ltd.,103649,"Winrho Sd, Winrho Sdf Liquid, Winrho Sdf Lyophilized",Rho(D) Immune Globulin Intravenous (Human),351(a),5000IU,Injection,Intravenous,Vial,Disc,Licensed,31-Mar-05, ,N/A,5107,Supplement,2098,10,CBER,,,,,24-Mar-02
,Kamada Ltd.,103649,"Winrho Sd, Winrho Sdf Liquid, Winrho Sdf Lyophilized",Rho(D) Immune Globulin Intravenous (Human),351(a),2500IU,Injection,Intramuscular,Vial,Disc,Licensed,31-Mar-05, ,N/A,5107,Supplement,2098,11,CBER,,,,,24-Mar-02
,Kamada Ltd.,103649,"Winrho Sd, Winrho Sdf Liquid, Winrho Sdf Lyophilized",Rho(D) Immune Globulin Intravenous (Human),351(a),2500IU,Injection,Intravenous,Vial,Disc,Licensed,31-Mar-05, ,N/A,5107,Supplement,2098,12,CBER,,,,,24-Mar-02
,Kamada Ltd.,103649,"Winrho Sd, Winrho Sdf Liquid, Winrho Sdf Lyophilized",Rho(D) Immune Globulin Intravenous (Human),351(a),1500IU,Injection,Intramuscular,Vial,Rx,Licensed,31-Mar-05, ,N/A,5107,Supplement,2098,13,CBER,,,,,24-Mar-02
,Kamada Ltd.,103649,"Winrho Sd, Winrho Sdf Liquid, Winrho Sdf Lyophilized",Rho(D) Immune Globulin Intravenous (Human),351(a),1500IU,Injection,Intravenous,Vial,Rx,Licensed,31-Mar-05, ,N/A,5107,Supplement,2098,14,CBER,,,,,24-Mar-02
,Kamada Ltd.,103649,"Winrho Sd, Winrho Sdf Liquid, Winrho Sdf Lyophilized",Rho(D) Immune Globulin Intravenous (Human),351(a),600IU,Injection,Intramuscular,Vial,Disc,Licensed,31-Mar-05, ,N/A,5107,Supplement,2098,15,CBER,,,,,24-Mar-02
,Kamada Ltd.,103649,"Winrho Sd, Winrho Sdf Liquid, Winrho Sdf Lyophilized",Rho(D) Immune Globulin Intravenous (Human),351(a),600IU,Injection,Intravenous,Vial,Disc,Licensed,31-Mar-05, ,N/A,5107,Supplement,2098,16,CBER,,,,,24-Mar-02
,Kamada Ltd.,103649,"Winrho Sd, Winrho Sdf Liquid, Winrho Sdf Lyophilized",Rho(D) Immune Globulin Intravenous (Human),351(a),15000IU,Injection,Intravenous,Vial,Disc,Licensed,18-Dec-15, ,N/A,5690,Supplement,2098,17,CBER,,,,,24-Mar-02
,Kamada Ltd.,103649,"Winrho Sd, Winrho Sdf Liquid, Winrho Sdf Lyophilized",Rho(D) Immune Globulin Intravenous (Human),351(a),15000IU,Injection,Intramuscular,Vial,Disc,Licensed,18-Dec-15, ,N/A,5690,Supplement,2098,18,CBER,,,,,24-Mar-02
,Vericel Corporation,103661,Carticel Sm Service,Autologous Cultured Chondrocytes,351(a),12MIU/VL,Injection,Implantation,Single-Dose Vial,Disc,Licensed,22-Aug-97, ,N/A,0,Original,2010,1,CBER,,,,,
,Kadmon Pharmaceuticals LLC,103663,Infergen,interferon alfacon-1,351(a),9MCG/0.3ML (30MCG/ML),Injection ,Subcutaneous,Single-Dose Vial,Disc,Voluntarily Revoked,6-Oct-97,N/A,N/A,,,1867,1,CDER,,,,,
,Novo Nordisk Inc.,103665,"Novoseven, Novoseven Rt",Coagulation Factor VIIa (Recombinant),351(a),2.4MG,For Injection,Intravenous,Single-Dose Vial,Disc,Licensed,25-Mar-99, ,N/A,0,Original,1261,1,CBER,,,,,2-Jul-21
,Novo Nordisk Inc.,103665,"Novoseven, Novoseven Rt",Coagulation Factor VIIa (Recombinant),351(a),1.2MG,For Injection,Intravenous,Vial,Disc,Licensed,15-Nov-00, ,N/A,5000,Supplement,1261,2,CBER,,,,,2-Jul-21
,Novo Nordisk Inc.,103665,"Novoseven, Novoseven Rt",Coagulation Factor VIIa (Recombinant),351(a),4.8MG,For Injection,Intravenous,Vial,Disc,Licensed,15-Nov-00, ,N/A,5000,Supplement,1261,3,CBER,,,,,2-Jul-21
,Novo Nordisk Inc.,103665,"Novoseven, Novoseven Rt",Coagulation Factor VIIa (Recombinant),351(a),5.0MG,For Injection,Intravenous,Single-Dose Vial,Rx,Licensed,9-May-08, ,N/A,5231,Supplement,1261,4,CBER,,,,,2-Jul-21
,Novo Nordisk Inc.,103665,"Novoseven, Novoseven Rt",Coagulation Factor VIIa (Recombinant),351(a),1.0MG,For Injection,Intravenous,Single-Dose Vial,Rx,Licensed,9-May-08, ,N/A,5231,Supplement,1261,5,CBER,,,,,2-Jul-21
,Novo Nordisk Inc.,103665,"Novoseven, Novoseven Rt",Coagulation Factor VIIa (Recombinant),351(a),2.0MG,For Injection,Intravenous,Single-Dose Vial,Rx,Licensed,9-May-08, ,N/A,5231,Supplement,1261,6,CBER,,,,,2-Jul-21
,Novo Nordisk Inc.,103665,"Novoseven, Novoseven Rt",Coagulation Factor VIIa (Recombinant),351(a),8.0MG,For Injection,Intravenous,Single-Dose Vial,Rx,Licensed,6-Aug-10, ,N/A,5605,Supplement,1261,7,CBER,,,,,2-Jul-21
,Sanofi Pasteur Limited,103666,Daptacel,Diphtheria & Tetanus Toxoids & Acellular Pertussis Vaccine Adsorbed,351(a),0.5ML,Injection,Intramuscular,Single-Dose Vial,Rx,Licensed,14-May-02, ,N/A,0,Original,1726,1,CBER,,,,,
,Pharmacia & Upjohn Company LLC,103676,Atgam,"Lymphocyte Immune Globulin, Anti-thymocyte Globulin (Equine)",351(a),50MG/ML,Injection,Intravenous,Ampule,Rx,Licensed,4-Dec-96, ,N/A,0,Original,1216,1,CBER,,,,,
,Wyeth Pharmaceuticals LLC,103677,Benefix,Coagulation Factor IX (Recombinant),351(a),1000IU/ML,For Injection,Intravenous,Single-Dose Vial,Rx,Licensed,11-Feb-97, ,N/A,0,Original,3,1,CBER,,,,,11-Feb-04
,Wyeth Pharmaceuticals LLC,103677,Benefix,Coagulation Factor IX (Recombinant),351(a),500IU/ML,For Injection,Intravenous,Single-Dose Vial,Rx,Licensed,11-Feb-97, ,N/A,0,Original,3,2,CBER,,,,,11-Feb-04
,Wyeth Pharmaceuticals LLC,103677,Benefix,Coagulation Factor IX (Recombinant),351(a),250IU/ML,For Injection,Intravenous,Single-Dose Vial,Rx,Licensed,11-Feb-97, ,N/A,0,Original,3,3,CBER,,,,,11-Feb-04
,Wyeth Pharmaceuticals LLC,103677,Benefix,Coagulation Factor IX (Recombinant),351(a),2000IU/ML,For Injection,Intravenous,Single-Dose Vial,Rx,Licensed,21-Mar-07, ,N/A,5245,Supplement,3,4,CBER,,,,,11-Feb-04
,Wyeth Pharmaceuticals LLC,103677,Benefix,Coagulation Factor IX (Recombinant),351(a),3000IU/ML,For Injection,Intravenous,Single-Dose Vial,Rx,Licensed,23-Nov-11, ,N/A,6051,Supplement,3,5,CBER,,,,,11-Feb-04
,"Smith & Nephew, Inc.",103691,Regranex,becaplermin,351(a),0.0001,Gel,Topical,Tube,Rx,Licensed,16-Dec-97,N/A,N/A,,Original,2004,1,CDER,,,,,
,Wyeth Pharmaceuticals Inc.,103694,Neumega,oprelvekin,351(a),5MG,For Injection,Subcutaneous,Single-Dose Vial,Disc,Voluntarily Revoked,25-Nov-97,N/A,N/A,,Original,3,1,CDER,,,,,
,"Genentech, Inc.",103705,Rituxan,rituximab,351(a),100MG/10ML (10MG/ML),Injection ,Intravenous,Single-Dose Vial,Rx,Licensed,26-Nov-97,N/A,N/A,,Original,1048,1,CDER,,,,,2-Dec-28
,"Genentech, Inc.",103705,Rituxan,rituximab,351(a),500MG/50ML (10MG/ML),Injection ,Intravenous,Single-Dose Vial,Rx,Licensed,26-Nov-97,N/A,N/A,,Original,1048,2,CDER,,,,,2-Dec-28
,IDEC Pharmaceuticals Corp.,103737,Rituxan,rituximab,351(a),100MG/10ML (10MG/ML),Injection ,Intravenous,Single-Dose Vial,Disc,Voluntarily Revoked,19-Feb-02,N/A,N/A,,,1235,1,CDER,,,,,
,IDEC Pharmaceuticals Corp.,103737,Rituxan,rituximab,351(a),500MG/50ML (10MG/ML),Injection ,Intravenous,Single-Dose Vial,Disc,Voluntarily Revoked,19-Feb-02,N/A,N/A,,,1235,2,CDER,,,,,
,SmartPractice Denmark ApS,103738,T.R.U.E. Test,Thin-Layer Rapid Use Epicutaneous Patch Test,351(a),"36 MCG NICKEL/PATCH, 810 MCG WOOL ALCOHOL/PATCH, 486 MCG NEOMYCIN SULFATE/PATCH, 15.7 MCG CHROMIUM/PATCH, 510 MCG CAINE MIX/PATCH, 405 MCG FRAGRANCE MIX/PATCH, 972 MCG COLOPHONY/PATCH, 810 MCG PARABEN/PATCH, 648 MCG OF BALSAM OF PERU RESIN/PATCH, 18 MCG E",Patch,Topical,Pouch,Rx,Licensed,15-Aug-97, ,N/A,0,Original,1888,1,CBER,,,,,
,Hoffmann-La Roche Inc.,103749,Zenapax,daclizumab,351(a),25MG/5ML,Injection ,Intravenous,Single-Dose Vial,Disc,Voluntarily Revoked,10-Dec-97,N/A,N/A,,,136,1,CDER,,,,,
,"ALK-Abello, Inc.",103752,,"Insects (Whole Body), Mite Dermatophagoides pteronyssinus",351(a),"10,000BAU/ML ",Injection,Percutaneous,Multi-Dose Vial,Rx,Licensed,29-Sep-50, ,N/A,0,Original,1256,1,CBER,,,,,
,"ALK-Abello, Inc.",103752,,"Insects (Whole Body), Mite Dermatophagoides pteronyssinus",351(a),"10,000BAU/ML",Injection,Subcutaneous,Multi-Dose Vial,Rx,Licensed,29-Sep-50, ,N/A,0,Original,1256,2,CBER,,,,,
,"ALK-Abello, Inc.",103754,Histatrol,Positive Skin Test Control-Histamine,351(a),0.1MG/ML,Injection,Intradermal,Multi-Dose Vial,Rx,Licensed,29-Sep-50, ,N/A,0,Original,1256,1,CBER,,,,,
,"ALK-Abello, Inc.",103754,Histatrol,Positive Skin Test Control-Histamine,351(a),1MG/ML,Injection,Percutaneous,Multi-Dose Vial,Rx,Licensed,29-Sep-50, ,N/A,0,Original,1256,2,CBER,,,,,
,Novartis Pharmaceuticals Corporation,103764,Simulect,basiliximab,351(a),20MG,For Injection,Intravenous,Single-Dose Vial,Rx,Licensed,12-May-98,N/A,N/A,,Original,1244,1,CDER,,,,,12-May-05
,Novartis Pharmaceuticals Corporation,103764,Simulect,basiliximab,351(a),10MG,For Injection,Intravenous,Single-Dose Vial,Rx,Licensed,2-Jan-03,N/A,N/A,5037,Supplement,1244,2,CDER,,,,,12-May-05
,"Eisai, Incorporated",103767,Ontak,denileukin diftitox,351(a),150MCG/ML (300MCG/2ML),Injection ,Intravenous,Single-Dose Vial,Disc,Licensed,5-Feb-99,N/A,N/A,,Original,1862,1,CDER,,,,,5-Feb-06
,Boehringer Ingelheim Pharma GmbH & Co. KG,103769,Verluma,nofetumomab,351(a),10MG/ML,Injection ,Intravenous,,Disc,Voluntarily Revoked,13-Oct-98,N/A,N/A,,,1251,1,CDER,,,,,
,Swedish Orphan Biovitrum AB (publ),103770,Synagis,palivizumab,351(a),50MG,For Injection,Intramuscular,Single-Dose Vial,Disc,Licensed,19-Jun-98,N/A,N/A,,Original,1859,1,CDER,,,,,
,Swedish Orphan Biovitrum AB (publ),103770,Synagis,palivizumab,351(a),100MG,For Injection,Intramuscular,Single-Dose Vial,Disc,Licensed,19-Jun-98,N/A,N/A,,Original,1859,2,CDER,,,,,
,Swedish Orphan Biovitrum AB (publ),103770,Synagis,palivizumab,351(a),50MG/0.5ML,Injection ,Intramuscular,Single-Dose Vial,Rx,Licensed,23-Jul-04,N/A,N/A,5059,Supplement,1859,3,CDER,,,,,
,Swedish Orphan Biovitrum AB (publ),103770,Synagis,palivizumab,351(a),100MG/1ML,Injection ,Intramuscular,Single-Dose Vial,Rx,Licensed,23-Jul-04,N/A,N/A,5059,Supplement,1859,4,CDER,,,,,
,"Janssen Biotech, Inc.",103772,Remicade,infliximab,351(a),100MG,For Injection,Intravenous,Single-Dose Vial,Rx,Licensed,24-Aug-98,N/A,N/A,,Original,1864,1,CDER,,,,,23-Sep-18
,Kedrion Biopharma Inc.,103777,"Micrhogam, Rhogam",Rho(D) Immune Globulin (Human),351(a),50UG,Injection,Intramuscular,Pre-Filled Syringe,Disc,Licensed,23-Apr-98, ,N/A,0,Original,1906,1,CBER,,,,,
,Kedrion Biopharma Inc.,103777,"Micrhogam, Rhogam",Rho(D) Immune Globulin (Human),351(a),300UG,Injection,Intramuscular,Pre-Filled Syringe,Rx,Licensed,23-Apr-98, ,N/A,0,Original,1906,2,CBER,,,,,
,Wyeth Pharmaceuticals LLC,103779,Refacto,Antihemophilic Factor (Recombinant),351(a),2000IU,For Injection,Intravenous,Vial,Disc,Licensed,27-Jun-01, ,N/A,5006,Supplement,3,1,CBER,,,,,
,Wyeth Pharmaceuticals LLC,103779,Refacto,Antihemophilic Factor (Recombinant),351(a),500IU,For Injection,Intravenous,Vial,Disc,Licensed,6-Jul-01, ,N/A,5000,Supplement,3,2,CBER,,,,,
,Wyeth Pharmaceuticals LLC,103779,Refacto,Antihemophilic Factor (Recombinant),351(a),250IU,For Injection,Intravenous,Vial,Disc,Licensed,6-Jul-01, ,N/A,5000,Supplement,3,3,CBER,,,,,
,Wyeth Pharmaceuticals LLC,103779,Refacto,Antihemophilic Factor (Recombinant),351(a),1000IU,For Injection,Intravenous,Vial,Disc,Licensed,6-Jul-01, ,N/A,5000,Supplement,3,4,CBER,,,,,
,"EMD Serono, Inc.",103780,Rebif,interferon beta-1a,351(a),22MCG/0.5ML,Injection ,Subcutaneous,Pre-Filled Syringe,Rx,Licensed,7-Mar-02,N/A,N/A,,Original,1773,1,CDER,,,,,
,"EMD Serono, Inc.",103780,Rebif,interferon beta-1a,351(a),44MCG/0.5ML,Injection ,Subcutaneous,Pre-Filled Syringe,Rx,Licensed,7-Mar-02,N/A,N/A,,Original,1773,2,CDER,,,,,
,"EMD Serono, Inc.",103780,Rebif,interferon beta-1a,351(a),8.8MCG/0.2ML,Injection ,Subcutaneous,Pre-Filled Syringe,Rx,Licensed,17-Dec-04,N/A,N/A,5052,Supplement,1773,3,CDER,,,,,
,"EMD Serono, Inc.",103780,Rebif,interferon beta-1a,351(a),8.8MCG/0.2ML,Injection ,Subcutaneous,Autoinjector,Rx,Licensed,21-Dec-12,N/A,N/A,5121,Supplement,1773,4,CDER,,,,,
,"EMD Serono, Inc.",103780,Rebif,interferon beta-1a,351(a),22MCG/0.5ML,Injection ,Subcutaneous,Autoinjector,Rx,Licensed,21-Dec-12,N/A,N/A,5121,Supplement,1773,5,CDER,,,,,
,"EMD Serono, Inc.",103780,Rebif,interferon beta-1a,351(a),44MCG/0.5ML,Injection ,Subcutaneous,Autoinjector,Rx,Licensed,21-Dec-12,N/A,N/A,5121,Supplement,1773,6,CDER,,,,,
,Endo Operations Limited,103782,Aplisol,"Tuberculin, Purified Protein Derivative",351(a),5TU/.1ML,Injection,Intradermal,Multi-Dose Vial,Rx,Licensed,20-Apr-98, ,N/A,0,Original,2362,1,CBER,,,,,
,"Chiesi USA, Inc.",103786,Retavase,reteplase,351(a),10UNITS,For Injection,Intravenous,Single-Dose Vial,Rx,Licensed,30-Oct-96,N/A,N/A,,Original,2150,1,CDER,,,,,
,BTG International Inc.,103788,Crofab,Crotalidae Polyvalent Immune Fab (Ovine),351(a),1G,For Injection,Intravenous,Single-Dose Vial,Rx,Licensed,2-Oct-00, ,N/A,0,Original,1861,1,CBER,,,,,2-Oct-07
,"Genentech, Inc.",103792,Herceptin,trastuzumab,351(a),420MG,For Injection,Intravenous,Multi-Dose Vial,Disc*,Licensed,25-Sep-98,N/A,N/A,,Original,1048,1,CDER,,,,,20-Oct-17
,"Genentech, Inc.",103792,Herceptin,trastuzumab,351(a),150MG,For Injection,Intravenous,Single-Dose Vial,Rx,Licensed,10-Feb-17,N/A,N/A,5336,Supplement,1048,2,CDER,,,,,20-Oct-17
,Immunex Corporation,103795,Enbrel,etanercept,351(a),25MG,For Injection,Subcutaneous,Single-Dose Vial,Disc,Licensed,2-Nov-98,N/A,N/A,,Original,1132,1,CDER,,,,,27-May-06
,Immunex Corporation,103795,Enbrel,etanercept,351(a),25MG,For Injection,Subcutaneous,Multi-Dose Vial,Rx,Licensed,27-May-99,N/A,N/A,1001,Supplement,1132,2,CDER,,,,,27-May-06
,Immunex Corporation,103795,Enbrel,etanercept,351(a),50MG/ML,Injection ,Subcutaneous,Pre-Filled Syringe,Rx,Licensed,27-Sep-04,N/A,N/A,5184,Supplement,1132,3,CDER,,,,,27-May-06
,Immunex Corporation,103795,Enbrel,etanercept,351(a),25MG/0.5ML,Injection ,Subcutaneous,Pre-Filled Syringe,Rx,Licensed,1-Feb-07,N/A,N/A,5322,Supplement,1132,4,CDER,,,,,27-May-06
,Immunex Corporation,103795,Enbrel Mini,etanercept,351(a),50MG/ML,Injection ,Subcutaneous,Single-Dose Cartridge,Rx,Licensed,14-Sep-17,N/A,N/A,5556,Supplement,1132,5,CDER,,,,,27-May-06
,Immunex Corporation,103795,Enbrel,etanercept,351(a),50MG/ML,Injection ,Subcutaneous,Autoinjector,Rx,Licensed,,N/A,N/A,,Supplement,1132,6,CDER,,,,,27-May-06
,Immunex Corporation,103795,Enbrel,etanercept,351(a),25MG/0.5ML,Injection ,Subcutaneous,Single-Dose Vial,Rx,Licensed,5-Mar-20,N/A,N/A,5577,Supplement,1132,7,CDER,,,,,27-May-06
,"ALK-Abello, Inc.",103810,,"Animal Allergens, Standardized Cat Hair",351(a),"10,000BAU/ML",Injection,Percutaneous,Dropper Vial,Rx,Licensed,16-Dec-71, ,N/A,0,Original,1256,1,CBER,,,,,
,"ALK-Abello, Inc.",103810,,"Animal Allergens, Standardized Cat Hair",351(a),"10,000BAU/ML",Injection,Subcutaneous,Multi-Dose Vial,Rx,Licensed,16-Dec-71, ,N/A,0,Original,1256,2,CBER,,,,,
,Emergent BioDefense Operations Lansing LLC,103820,Biorab,Rabies Vaccine Adsorbed,351(a),1.0ML,Injection,Intramuscular,Vial,Disc,Licensed,12-Nov-98, ,N/A,0,Original,1755,1,CBER,,,,,
,Emergent BioDefense Operations Lansing LLC,103821,Biothrax,Anthrax Vaccine Adsorbed,351(a),0.5ML,Injection,Intramuscular,Multi-Dose Vial,Rx,Licensed,12-Nov-98, ,N/A,0,Original,1755,1,CBER,,,,,23-Nov-22
,Emergent BioDefense Operations Lansing LLC,103821,Biothrax,Anthrax Vaccine Adsorbed,351(a),0.5ML,Injection,Subcutaneous,Multi-Dose Vial,Rx,Licensed,12-Nov-98, ,N/A,0,Original,1755,2,CBER,,,,,23-Nov-22
,Horizon Therapeutics Ireland DAC,103836,Actimmune,interferon gamma-1b,351(a),100MCG(2MILLION INTERNATIONAL UNITS)/0.5ML,Injection ,Subcutaneous,Single-Dose Vial,Rx,Licensed,25-Feb-99,N/A,N/A,,Original,2022,1,CDER,,,,,10-Feb-07
,Seqirus Vaccines Limited,103837,Fluvirin,Influenza Virus Vaccine,351(a),15UG/.5ML,Injection,Intramuscular,Pre-Filled Syringe,Disc,Licensed,3-Nov-98, ,N/A,0,Original,2055,1,CBER,,,,,
,"Solstice NeuroSciences, LLC",103846,Myobloc,rimabotulinumtoxinB,351(a),"2,500UNITS/0.5ML",Injection ,"Intramuscular, Intraglandular",Single-Dose Vial,Rx,Licensed,8-Dec-00,N/A,N/A,,Original,1718,1,CDER,,,,,8-Dec-07
,"Solstice NeuroSciences, LLC",103846,Myobloc,rimabotulinumtoxinB,351(a),"5,000UNITS/ML",Injection ,"Intramuscular, Intraglandular",Single-Dose Vial,Rx,Licensed,8-Dec-00,N/A,N/A,,Original,1718,2,CDER,,,,,8-Dec-07
,"Solstice NeuroSciences, LLC",103846,Myobloc,rimabotulinumtoxinB,351(a),"10,000UNITS/2ML (5,000UNITS/ML)",Injection ,"Intramuscular, Intraglandular",Single-Dose Vial,Rx,Licensed,8-Dec-00,N/A,N/A,,Original,1718,3,CDER,,,,,8-Dec-07
,GlaxoSmithKline Biologicals,103850,Twinrix,Hepatitis A & Hepatitis B (Recombinant) Vaccine,351(a),1ML,Injection,Intramuscular,Single-Dose Vial,Rx,Licensed,11-May-01, ,N/A,0,Original,1617,1,CBER,,,,,
,Genzyme Corporation,103869,Thymoglobulin,Anti-thymocyte Globulin (Rabbit),351(a),25MG,For Injection,Intravenous,Single-Dose Vial,Rx,Licensed,19-May-99, ,N/A,0,Original,1596,1,CBER,,,,,
,Jubilant HollisterStier LLC,103870,,"Insects (Whole Body), Mite Dermatophagoides farinae",351(a),"10,000AU/ML",Injection,Subcutaneous,Multi-Dose Vial,Rx,Licensed,13-Mar-24, ,N/A,0,Original,1272,1,CBER,,,,,
,Jubilant HollisterStier LLC,103870,,"Insects (Whole Body), Mite Dermatophagoides farinae",351(a),30AU/ML,Injection,Intradermal,Multi-Dose Vial,Rx,Licensed,13-Mar-24, ,N/A,0,Original,1272,2,CBER,,,,,
,Jubilant HollisterStier LLC,103870,,"Insects (Whole Body), Mite Dermatophagoides farinae",351(a),"30,000AU/ML",Injection,Subcutaneous,Multi-Dose Vial,Rx,Licensed,13-Mar-24, ,N/A,0,Original,1272,3,CBER,,,,,
,Jubilant HollisterStier LLC,103870,,"Insects (Whole Body), Mite Dermatophagoides farinae",351(a),300AU/ML,Injection,Intradermal,Multi-Dose Vial,Rx,Licensed,13-Mar-24, ,N/A,0,Original,1272,4,CBER,,,,,
,Jubilant HollisterStier LLC,103870,,"Insects (Whole Body), Mite Dermatophagoides farinae",351(a),"30,000AU/ML",Injection,Percutaneous,Dropper Vial,Rx,Licensed,13-Mar-24, ,N/A,0,Original,1272,5,CBER,,,,,
,Jubilant HollisterStier LLC,103871,,"Insects (Whole Body), Mite Dermatophagoides pteronyssinus",351(a),"10,000AU/ML",Injection,Subcutaneous,Multi-Dose Vial,Rx,Licensed,13-Mar-24, ,N/A,0,Original,1272,1,CBER,,,,,
,Jubilant HollisterStier LLC,103871,,"Insects (Whole Body), Mite Dermatophagoides pteronyssinus",351(a),30AU/ML,Injection,Intradermal,Multi-Dose Vial,Rx,Licensed,13-Mar-24, ,N/A,0,Original,1272,2,CBER,,,,,
,Jubilant HollisterStier LLC,103871,,"Insects (Whole Body), Mite Dermatophagoides pteronyssinus",351(a),"30,000AU/ML",Injection,Subcutaneous,Multi-Dose Vial,Rx,Licensed,13-Mar-24, ,N/A,0,Original,1272,3,CBER,,,,,
,Jubilant HollisterStier LLC,103871,,"Insects (Whole Body), Mite Dermatophagoides pteronyssinus",351(a),300AU/ML,Injection,Intradermal,Multi-Dose Vial,Rx,Licensed,13-Mar-24, ,N/A,0,Original,1272,4,CBER,,,,,
,Jubilant HollisterStier LLC,103871,,"Insects (Whole Body), Mite Dermatophagoides pteronyssinus",351(a),"30,000AU/ML",Injection,Percutaneous,Dropper Vial,Rx,Licensed,13-Mar-24, ,N/A,0,Original,1272,5,CBER,,,,,
,Jubilant HollisterStier LLC,103872,,"Pollens - Grasses, Bermuda Grass Cynodon dactylon",351(a),"10,000BAU/ML ",Injection,Percutaneous,Dropper Vial,Rx,Licensed,13-Mar-24, ,N/A,0,Original,1272,1,CBER,,,,,
,Jubilant HollisterStier LLC,103872,,"Pollens - Grasses, Bermuda Grass Cynodon dactylon",351(a),100BAU/ML ,Injection,Intradermal,Multi-Dose Vial,Rx,Licensed,13-Mar-24, ,N/A,0,Original,1272,2,CBER,,,,,
,Jubilant HollisterStier LLC,103872,,"Pollens - Grasses, Bermuda Grass Cynodon dactylon",351(a),"1,000BAU/ML ",Injection,Intradermal,Multi-Dose Vial,Rx,Licensed,13-Mar-24, ,N/A,0,Original,1272,3,CBER,,,,,
,Jubilant HollisterStier LLC,103872,,"Pollens - Grasses, Bermuda Grass Cynodon dactylon",351(a),"10,000BAU/ML ",Injection,Subcutaneous,Multi-Dose Vial,Rx,Licensed,13-Mar-24, ,N/A,0,Original,1272,4,CBER,,,,,
,Jubilant HollisterStier LLC,103873,,"Pollens - Grasses, Bluegrass, Kentucky (June) Poa pratensis",351(a),"10,000BAU/ML ",Injection,Percutaneous,Dropper Vial,Rx,Licensed,13-Mar-24, ,N/A,0,Original,1272,1,CBER,,,,,
,Jubilant HollisterStier LLC,103873,,"Pollens - Grasses, Bluegrass, Kentucky (June) Poa pratensis",351(a),100BAU/ML,Injection,Intradermal,Multi-Dose Vial,Rx,Licensed,13-Mar-24, ,N/A,0,Original,1272,2,CBER,,,,,
,Jubilant HollisterStier LLC,103873,,"Pollens - Grasses, Bluegrass, Kentucky (June) Poa pratensis",351(a),"100,000BAU/ML",Injection,Percutaneous,Dropper Vial,Rx,Licensed,13-Mar-24, ,N/A,0,Original,1272,3,CBER,,,,,
,Jubilant HollisterStier LLC,103873,,"Pollens - Grasses, Bluegrass, Kentucky (June) Poa pratensis",351(a),"1,000BAU/ML",Injection,Intradermal,Multi-Dose Vial,Rx,Licensed,13-Mar-24, ,N/A,0,Original,1272,4,CBER,,,,,
,Jubilant HollisterStier LLC,103873,,"Pollens - Grasses, Bluegrass, Kentucky (June) Poa pratensis",351(a),"10,000BAU/ML",Injection,Subcutaneous,Multi-Dose Vial,Rx,Licensed,13-Mar-24, ,N/A,0,Original,1272,5,CBER,,,,,
,Jubilant HollisterStier LLC,103873,,"Pollens - Grasses, Bluegrass, Kentucky (June) Poa pratensis",351(a),"100,000BAU/ML",Injection,Subcutaneous,Multi-Dose Vial,Rx,Licensed,13-Mar-24, ,N/A,0,Original,1272,6,CBER,,,,,
,Jubilant HollisterStier LLC,103874,,"Pollens - Grasses, Fescue, Meadow Festuca elatior",351(a),"10,000BAU/ML ",Injection,Percutaneous,Dropper Vial,Rx,Licensed,13-Mar-24, ,N/A,0,Original,1272,1,CBER,,,,,
,Jubilant HollisterStier LLC,103874,,"Pollens - Grasses, Fescue, Meadow Festuca elatior",351(a),100BAU/ML ,Injection,Intradermal,Multi-Dose Vial,Rx,Licensed,13-Mar-24, ,N/A,0,Original,1272,2,CBER,,,,,
,Jubilant HollisterStier LLC,103874,,"Pollens - Grasses, Fescue, Meadow Festuca elatior",351(a),"100,000BAU/ML",Injection,Percutaneous,Dropper Vial,Rx,Licensed,13-Mar-24, ,N/A,0,Original,1272,3,CBER,,,,,
,Jubilant HollisterStier LLC,103874,,"Pollens - Grasses, Fescue, Meadow Festuca elatior",351(a),"1,000BAU/ML",Injection,Intradermal,Multi-Dose Vial,Rx,Licensed,13-Mar-24, ,N/A,0,Original,1272,4,CBER,,,,,
,Jubilant HollisterStier LLC,103874,,"Pollens - Grasses, Fescue, Meadow Festuca elatior",351(a),"10,000BAU/ML",Injection,Subcutaneous,Multi-Dose Vial,Rx,Licensed,13-Mar-24, ,N/A,0,Original,1272,5,CBER,,,,,
,Jubilant HollisterStier LLC,103874,,"Pollens - Grasses, Fescue, Meadow Festuca elatior",351(a),"100,000BAU/ML",Injection,Subcutaneous,Multi-Dose Vial,Rx,Licensed,13-Mar-24, ,N/A,0,Original,1272,6,CBER,,,,,
,Jubilant HollisterStier LLC,103875,,"Pollens - Grasses, Orchard Grass Dactylis glomerata",351(a),"10,000BAU/ML ",Injection,Percutaneous,Dropper Vial,Rx,Licensed,13-Mar-24, ,N/A,0,Original,1272,1,CBER,,,,,
,Jubilant HollisterStier LLC,103875,,"Pollens - Grasses, Orchard Grass Dactylis glomerata",351(a),100BAU/ML ,Injection,Intradermal,Multi-Dose Vial,Rx,Licensed,13-Mar-24, ,N/A,0,Original,1272,2,CBER,,,,,
,Jubilant HollisterStier LLC,103875,,"Pollens - Grasses, Orchard Grass Dactylis glomerata",351(a),"100,000BAU/ML",Injection,Percutaneous,Dropper Vial,Rx,Licensed,13-Mar-24, ,N/A,0,Original,1272,3,CBER,,,,,
,Jubilant HollisterStier LLC,103875,,"Pollens - Grasses, Orchard Grass Dactylis glomerata",351(a),"1,000BAU/ML",Injection,Intradermal,Multi-Dose Vial,Rx,Licensed,13-Mar-24, ,N/A,0,Original,1272,4,CBER,,,,,
,Jubilant HollisterStier LLC,103875,,"Pollens - Grasses, Orchard Grass Dactylis glomerata",351(a),"10,000BAU/ML",Injection,Subcutaneous,Multi-Dose Vial,Rx,Licensed,13-Mar-24, ,N/A,0,Original,1272,5,CBER,,,,,
,Jubilant HollisterStier LLC,103875,,"Pollens - Grasses, Orchard Grass Dactylis glomerata",351(a),"100,000BAU/ML",Injection,Subcutaneous,Multi-Dose Vial,Rx,Licensed,13-Mar-24, ,N/A,0,Original,1272,6,CBER,,,,,
,Jubilant HollisterStier LLC,103876,,"Pollens - Grasses, Redtop Agrostis alba",351(a),"10,000BAU/ML ",Injection,Percutaneous,Dropper Vial,Rx,Licensed,13-Mar-24, ,N/A,0,Original,1272,1,CBER,,,,,
,Jubilant HollisterStier LLC,103876,,"Pollens - Grasses, Redtop Agrostis alba",351(a),100BAU/ML ,Injection,Intradermal,Multi-Dose Vial,Rx,Licensed,13-Mar-24, ,N/A,0,Original,1272,2,CBER,,,,,
,Jubilant HollisterStier LLC,103876,,"Pollens - Grasses, Redtop Agrostis alba",351(a),"100,000BAU/ML ",Injection,Percutaneous,Dropper Vial,Rx,Licensed,13-Mar-24, ,N/A,0,Original,1272,3,CBER,,,,,
,Jubilant HollisterStier LLC,103876,,"Pollens - Grasses, Redtop Agrostis alba",351(a),"1,000BAU/ML ",Injection,Intradermal,Multi-Dose Vial,Rx,Licensed,13-Mar-24, ,N/A,0,Original,1272,4,CBER,,,,,
,Jubilant HollisterStier LLC,103876,,"Pollens - Grasses, Redtop Agrostis alba",351(a),"10,000BAU/ML ",Injection,Subcutaneous,Multi-Dose Vial,Rx,Licensed,13-Mar-24, ,N/A,0,Original,1272,5,CBER,,,,,
,Jubilant HollisterStier LLC,103876,,"Pollens - Grasses, Redtop Agrostis alba",351(a),"100,000BAU/ML ",Injection,Subcutaneous,Multi-Dose Vial,Rx,Licensed,13-Mar-24, ,N/A,0,Original,1272,6,CBER,,,,,
,Jubilant HollisterStier LLC,103877,,"Pollens - Grasses, Ryegrass, Perennial Lolium perenne",351(a),"10,000BAU/ML ",Injection,Percutaneous,Dropper Vial,Rx,Licensed,13-Mar-24, ,N/A,0,Original,1272,1,CBER,,,,,
,Jubilant HollisterStier LLC,103877,,"Pollens - Grasses, Ryegrass, Perennial Lolium perenne",351(a),100BAU/ML ,Injection,Intradermal,Multi-Dose Vial,Rx,Licensed,13-Mar-24, ,N/A,0,Original,1272,2,CBER,,,,,
,Jubilant HollisterStier LLC,103877,,"Pollens - Grasses, Ryegrass, Perennial Lolium perenne",351(a),"100,000BAU/ML ",Injection,Percutaneous,Dropper Vial,Rx,Licensed,13-Mar-24, ,N/A,0,Original,1272,3,CBER,,,,,
,Jubilant HollisterStier LLC,103877,,"Pollens - Grasses, Ryegrass, Perennial Lolium perenne",351(a),"1,000BAU/ML ",Injection,Intradermal,Multi-Dose Vial,Rx,Licensed,13-Mar-24, ,N/A,0,Original,1272,4,CBER,,,,,
,Jubilant HollisterStier LLC,103877,,"Pollens - Grasses, Ryegrass, Perennial Lolium perenne",351(a),"10,000BAU/ML ",Injection,Subcutaneous,Multi-Dose Vial,Rx,Licensed,13-Mar-24, ,N/A,0,Original,1272,5,CBER,,,,,
,Jubilant HollisterStier LLC,103877,,"Pollens - Grasses, Ryegrass, Perennial Lolium perenne",351(a),"100,000BAU/ML ",Injection,Subcutaneous,Multi-Dose Vial,Rx,Licensed,13-Mar-24, ,N/A,0,Original,1272,6,CBER,,,,,
,Jubilant HollisterStier LLC,103878,,"Pollens - Grasses, Sweet Vernal Grass Anthoxanthum odoratum",351(a),"10,000BAU/ML",Injection,Percutaneous,Dropper Vial,Rx,Licensed,13-Mar-24, ,N/A,0,Original,1272,1,CBER,,,,,
,Jubilant HollisterStier LLC,103878,,"Pollens - Grasses, Sweet Vernal Grass Anthoxanthum odoratum",351(a),100BAU/ML,Injection,Intradermal,Multi-Dose Vial,Rx,Licensed,13-Mar-24, ,N/A,0,Original,1272,2,CBER,,,,,
,Jubilant HollisterStier LLC,103878,,"Pollens - Grasses, Sweet Vernal Grass Anthoxanthum odoratum",351(a),"100,000BAU/ML ",Injection,Percutaneous,Dropper Vial,Rx,Licensed,13-Mar-24, ,N/A,0,Original,1272,3,CBER,,,,,
,Jubilant HollisterStier LLC,103878,,"Pollens - Grasses, Sweet Vernal Grass Anthoxanthum odoratum",351(a),"1,000BAU/ML ",Injection,Intradermal,Multi-Dose Vial,Rx,Licensed,13-Mar-24, ,N/A,0,Original,1272,4,CBER,,,,,
,Jubilant HollisterStier LLC,103878,,"Pollens - Grasses, Sweet Vernal Grass Anthoxanthum odoratum",351(a),"10,000BAU/ML ",Injection,Subcutaneous,Multi-Dose Vial,Rx,Licensed,13-Mar-24, ,N/A,0,Original,1272,5,CBER,,,,,
,Jubilant HollisterStier LLC,103878,,"Pollens - Grasses, Sweet Vernal Grass Anthoxanthum odoratum",351(a),"100,000BAU/ML ",Injection,Subcutaneous,Multi-Dose Vial,Rx,Licensed,13-Mar-24, ,N/A,0,Original,1272,6,CBER,,,,,
,Jubilant HollisterStier LLC,103879,,"Pollens - Grasses, Timothy Phleum pratense",351(a),"10,000BAU/ML ",Injection,Percutaneous,Dropper Vial,Rx,Licensed,13-Mar-24, ,N/A,0,Original,1272,1,CBER,,,,,
,Jubilant HollisterStier LLC,103879,,"Pollens - Grasses, Timothy Phleum pratense",351(a),100BAU/ML ,Injection,Intradermal,Multi-Dose Vial,Rx,Licensed,13-Mar-24, ,N/A,0,Original,1272,2,CBER,,,,,
,Jubilant HollisterStier LLC,103879,,"Pollens - Grasses, Timothy Phleum pratense",351(a),"100,000BAU/ML ",Injection,Percutaneous,Dropper Vial,Rx,Licensed,13-Mar-24, ,N/A,0,Original,1272,3,CBER,,,,,
,Jubilant HollisterStier LLC,103879,,"Pollens - Grasses, Timothy Phleum pratense",351(a),"1,000BAU/ML ",Injection,Intradermal,Multi-Dose Vial,Rx,Licensed,13-Mar-24, ,N/A,0,Original,1272,4,CBER,,,,,
,Jubilant HollisterStier LLC,103879,,"Pollens - Grasses, Timothy Phleum pratense",351(a),"10,000BAU/ML ",Injection,Subcutaneous,Multi-Dose Vial,Rx,Licensed,13-Mar-24, ,N/A,0,Original,1272,5,CBER,,,,,
,Jubilant HollisterStier LLC,103879,,"Pollens - Grasses, Timothy Phleum pratense",351(a),"100,000BAU/ML ",Injection,Subcutaneous,Multi-Dose Vial,Rx,Licensed,13-Mar-24, ,N/A,0,Original,1272,6,CBER,,,,,
,Jubilant HollisterStier LLC,103880,,"Pollens - Weeds and Garden Plants, Ragweed, Short Ambrosia artemisiifolia",351(a),1:20W/V,Injection,Percutaneous,Dropper Vial,Rx,Licensed,13-Mar-24, ,N/A,0,Original,1272,1,CBER,,,,,
,Jubilant HollisterStier LLC,103880,,"Pollens - Weeds and Garden Plants, Ragweed, Short Ambrosia artemisiifolia",351(a),1:20W/V,Injection,Intradermal,Multi-Dose Vial,Rx,Licensed,13-Mar-24, ,N/A,0,Original,1272,2,CBER,,,,,
,Jubilant HollisterStier LLC,103880,,"Pollens - Weeds and Garden Plants, Ragweed, Short Ambrosia artemisiifolia",351(a),1:20W/V,Injection,Subcutaneous,Multi-Dose Vial,Rx,Licensed,13-Mar-24, ,N/A,0,Original,1272,3,CBER,,,,,
,Jubilant HollisterStier LLC,103882,,"Venoms, Honey Bee Venom",351(a),100UG/ML,For Injection,Percutaneous,Dropper Vial,Rx,Licensed,13-Mar-24, ,N/A,0,Original,1272,1,CBER,,,,,
,Jubilant HollisterStier LLC,103882,,"Venoms, Honey Bee Venom",351(a),100UG/ML,For Injection,Subcutaneous,Multi-Dose Vial,Rx,Licensed,13-Mar-24, ,N/A,0,Original,1272,2,CBER,,,,,
,Jubilant HollisterStier LLC,103882,,"Venoms, Honey Bee Venom",351(a),100UG/ML,For Injection,Percutaneous,Multi-Dose Vial,Rx,Licensed,13-Mar-24, ,N/A,0,Original,1272,3,CBER,,,,,
,Jubilant HollisterStier LLC,103882,,"Venoms, Honey Bee Venom",351(a),100UG/ML,For Injection,Subcutaneous,Dropper Vial,Rx,Licensed,13-Mar-24, ,N/A,0,Original,1272,4,CBER,,,,,
,Jubilant HollisterStier LLC,103883,,"Venoms, Mixed Vespid Venom Protein",351(a),100UG/ML,For Injection,Subcutaneous,Dropper Vial,Rx,Licensed,13-Mar-24, ,N/A,0,Original,1272,1,CBER,,,,,
,Jubilant HollisterStier LLC,103883,,"Venoms, Mixed Vespid Venom Protein",351(a),100UG/ML,For Injection,Subcutaneous,Multi-Dose Vial,Rx,Licensed,13-Mar-24, ,N/A,0,Original,1272,2,CBER,,,,,
,Jubilant HollisterStier LLC,103884,,"Venoms, Wasp Venom Protein",351(a),100UG/ML,For Injection,Percutaneous,Dropper Vial,Rx,Licensed,13-Mar-24, ,N/A,0,Original,1272,1,CBER,,,,,
,Jubilant HollisterStier LLC,103884,,"Venoms, Wasp Venom Protein",351(a),100UG/ML,For Injection,Subcutaneous,Dropper Vial,Rx,Licensed,13-Mar-24, ,N/A,0,Original,1272,2,CBER,,,,,
,Jubilant HollisterStier LLC,103884,,"Venoms, Wasp Venom Protein",351(a),100UG/ML,For Injection,Percutaneous,Multi-Dose Vial,Rx,Licensed,13-Mar-24, ,N/A,0,Original,1272,3,CBER,,,,,
,Jubilant HollisterStier LLC,103884,,"Venoms, Wasp Venom Protein",351(a),100UG/ML,For Injection,Subcutaneous,Multi-Dose Vial,Rx,Licensed,13-Mar-24, ,N/A,0,Original,1272,4,CBER,,,,,
,Jubilant HollisterStier LLC,103885,,"Venoms, White Faced Hornet Venom Protein",351(a),100UG/ML,For Injection,Percutaneous,Dropper Vial,Rx,Licensed,13-Mar-24, ,N/A,0,Original,1272,1,CBER,,,,,
,Jubilant HollisterStier LLC,103885,,"Venoms, White Faced Hornet Venom Protein",351(a),100UG/ML,For Injection,Percutaneous,Multi-Dose Vial,Rx,Licensed,13-Mar-24, ,N/A,0,Original,1272,2,CBER,,,,,
,Jubilant HollisterStier LLC,103885,,"Venoms, White Faced Hornet Venom Protein",351(a),100UG/ML,For Injection,Subcutaneous,Dropper Vial,Rx,Licensed,13-Mar-24, ,N/A,0,Original,1272,3,CBER,,,,,
,Jubilant HollisterStier LLC,103885,,"Venoms, White Faced Hornet Venom Protein",351(a),100UG/ML,For Injection,Subcutaneous,Multi-Dose Vial,Rx,Licensed,13-Mar-24, ,N/A,0,Original,1272,4,CBER,,,,,
,Jubilant HollisterStier LLC,103886,,"Venoms, Yellow Hornet Venom Protein",351(a),100UG/ML,For Injection,Percutaneous,Dropper Vial,Rx,Licensed,13-Mar-24, ,N/A,0,Original,1272,1,CBER,,,,,
,Jubilant HollisterStier LLC,103886,,"Venoms, Yellow Hornet Venom Protein",351(a),100UG/ML,For Injection,Subcutaneous,Dropper Vial,Rx,Licensed,13-Mar-24, ,N/A,0,Original,1272,2,CBER,,,,,
,Jubilant HollisterStier LLC,103886,,"Venoms, Yellow Hornet Venom Protein",351(a),100UG/ML,For Injection,Percutaneous,Multi-Dose Vial,Rx,Licensed,13-Mar-24, ,N/A,0,Original,1272,3,CBER,,,,,
,Jubilant HollisterStier LLC,103886,,"Venoms, Yellow Hornet Venom Protein",351(a),100UG/ML,For Injection,Subcutaneous,Multi-Dose Vial,Rx,Licensed,13-Mar-24, ,N/A,0,Original,1272,4,CBER,,,,,
,Jubilant HollisterStier LLC,103887,,"Venoms, Yellow Jacket Venom Protein",351(a),100UG/ML,For Injection,Percutaneous,Dropper Vial,Rx,Licensed,13-Mar-24, ,N/A,0,Original,1272,1,CBER,,,,,
,Jubilant HollisterStier LLC,103887,,"Venoms, Yellow Jacket Venom Protein",351(a),100UG/ML,For Injection,Subcutaneous,Dropper Vial,Rx,Licensed,13-Mar-24, ,N/A,0,Original,1272,2,CBER,,,,,
,Jubilant HollisterStier LLC,103887,,"Venoms, Yellow Jacket Venom Protein",351(a),100UG/ML,For Injection,Percutaneous,Multi-Dose Vial,Rx,Licensed,13-Mar-24, ,N/A,0,Original,1272,3,CBER,,,,,
,Jubilant HollisterStier LLC,103887,,"Venoms, Yellow Jacket Venom Protein",351(a),100UG/ML,For Injection,Subcutaneous,Multi-Dose Vial,Rx,Licensed,13-Mar-24, ,N/A,0,Original,1272,4,CBER,,,,,
,Jubilant HollisterStier LLC,103889,,"Animal Allergens, Standardized Cat Hair",351(a),"10,000BAU/ML",Injection,Percutaneous,Dropper Vial,Rx,Licensed,13-Mar-24, ,N/A,0,Original,1272,1,CBER,,,,,
,Jubilant HollisterStier LLC,103889,,"Animal Allergens, Standardized Cat Hair",351(a),"10,000BAU/ML ",Injection,Intradermal,Multi-Dose Vial,Rx,Licensed,13-Mar-24, ,N/A,0,Original,1272,2,CBER,,,,,
,Jubilant HollisterStier LLC,103889,,"Animal Allergens, Standardized Cat Hair",351(a),"10,000BAU/ML ",Injection,Subcutaneous,Multi-Dose Vial,Rx,Licensed,13-Mar-24, ,N/A,0,Original,1272,3,CBER,,,,,
,Jubilant HollisterStier LLC,103890,,"Animal Allergens, Standardized Cat Pelt",351(a),"10,000BAU/ML ",Injection,Percutaneous,Dropper Vial,Rx,Licensed,13-Mar-24, ,N/A,0,Original,1272,1,CBER,,,,,
,Jubilant HollisterStier LLC,103890,,"Animal Allergens, Standardized Cat Pelt",351(a),"10,000BAU/ML ",Injection,Intradermal,Multi-Dose Vial,Rx,Licensed,13-Mar-24, ,N/A,0,Original,1272,2,CBER,,,,,
,Jubilant HollisterStier LLC,103890,,"Animal Allergens, Standardized Cat Pelt",351(a),"10,000BAU/ML ",Injection,Subcutaneous,Multi-Dose Vial,Rx,Licensed,13-Mar-24, ,N/A,0,Original,1272,3,CBER,,,,,
,Jubilant HollisterStier LLC,103891,,Positive Skin Test Control-Histamine,351(a),6MG/ML,Injection,Percutaneous,Dropper Vial,Rx,Licensed,13-Mar-24, ,N/A,0,Original,1272,1,CBER,,,,,
,Wyeth Pharmaceuticals LLC,103905,prevnar,Pneumococcal 7-valent Conjugate Vaccine (Diphtheria CRM197 Protein),351(a),0.5ML/VIAL,Injection,Intramuscular,Pre-Filled Syringe,Rx,Voluntarily Revoked,17-Feb-00, , ,0,Original,3,1,CBER,,,,,
,GlaxoSmithKline Biologicals,103907,Pediarix,"Diphtheria and Tetanus Toxoids and Acellular Pertussis Adsorbed, Hepatitis B (Recombinant) and Inactivated Poliovirus Vaccine",351(a),0.5ML,Injection,Intramuscular,Pre-Filled Syringe,Rx,Licensed,13-Dec-02, ,N/A,0,Original,1617,1,CBER,,,,,
,"Genentech, Inc.",103909,TNKase,tenecteplase,351(a),50MG,For Injection,Intravenous,Single-Dose Vial,Rx,Licensed,2-Jun-00,N/A,N/A,,Original,1048,1,CDER,,,,,
,"Genentech, Inc.",103909,TNKase,tenecteplase,351(a),25MG,For Injection,Intravenous,Single-Dose Vial,Rx,Licensed,28-Feb-25,N/A,N/A,5197,Supplement,1048,2,CDER,,,,,
,BTG International Inc.,103910,Digifab,Digoxin Immune Fab (Ovine),351(a),40MG,For Injection,Intravenous,Single-Dose Vial,Rx,Licensed,31-Aug-01, ,N/A,0,Original,1861,1,CBER,,,,,
,Sanofi Pasteur Inc.,103913,,Tetanus Toxoid Adsorbed,351(a),5LF/.5ML,Injection,Intramuscular,Vial,Rx,Voluntarily Revoked,9-Dec-99, , ,0,Original,1725,1,CBER,,,,,
,Sanofi Pasteur Inc.,103914,"Fluzone, Fluzone Hd Quadrivalent, Fluzone High Dose, Fluzone Intradermal, Fluzone Quadrivalent",Influenza Virus Vaccine,351(a),45UG/.5ML,Injection,Intramuscular,Pre-Filled Syringe,Rx,Licensed,9-Dec-99, ,N/A,0,Original,1725,1,CBER,,,,,
,Sanofi Pasteur Inc.,103914,"Fluzone, Fluzone Hd Quadrivalent, Fluzone High Dose, Fluzone Intradermal, Fluzone Quadrivalent",Influenza Virus Vaccine,351(a),45UG/.5ML,Injection,Intramuscular,Single-Dose Vial,Disc,Licensed,9-Dec-99, ,N/A,0,Original,1725,2,CBER,,,,,
,Sanofi Pasteur Inc.,103914,"Fluzone, Fluzone Hd Quadrivalent, Fluzone High Dose, Fluzone Intradermal, Fluzone Quadrivalent",Influenza Virus Vaccine,351(a),180 UG/.5ML,Injection,Intramuscular,Pre-Filled Syringe,Rx,Licensed,23-Dec-09, ,N/A,5240,Supplement,1725,3,CBER,,,,,
,Sanofi Pasteur Inc.,103914,"Fluzone, Fluzone Hd Quadrivalent, Fluzone High Dose, Fluzone Intradermal, Fluzone Quadrivalent",Influenza Virus Vaccine,351(a),27UG/0.1,Injection,Intradermal,Syringe,Disc,Licensed,9-May-11, ,N/A,5369,Supplement,1725,4,CBER,,,,,
,Sanofi Pasteur Inc.,103914,"Fluzone, Fluzone Hd Quadrivalent, Fluzone High Dose, Fluzone Intradermal, Fluzone Quadrivalent",Influenza Virus Vaccine,351(a),60UG/.5ML,Injection,Intramuscular,Pre-Filled Syringe,Rx,Licensed,7-Jun-13, ,N/A,5574,Supplement,1725,5,CBER,,,,,
,Sanofi Pasteur Inc.,103914,"Fluzone, Fluzone Hd Quadrivalent, Fluzone High Dose, Fluzone Intradermal, Fluzone Quadrivalent",Influenza Virus Vaccine,351(a),60UG/.5ML,Injection,Intramuscular,Single-Dose Vial,Disc,Licensed,7-Jun-13, ,N/A,5574,Supplement,1725,6,CBER,,,,,
,Sanofi Pasteur Inc.,103914,"Fluzone, Fluzone Hd Quadrivalent, Fluzone High Dose, Fluzone Intradermal, Fluzone Quadrivalent",Influenza Virus Vaccine,351(a),60UG/.5ML,Injection,Intramuscular,Multi-Dose Vial,Rx,Licensed,7-Jun-13, ,N/A,5574,Supplement,1725,7,CBER,,,,,
,Sanofi Pasteur Inc.,103914,"Fluzone, Fluzone Hd Quadrivalent, Fluzone High Dose, Fluzone Intradermal, Fluzone Quadrivalent",Influenza Virus Vaccine,351(a),36UG/.5ML,Injection,Intradermal,Pre-Filled Syringe,Disc,Licensed,11-Dec-14, ,N/A,5733,Supplement,1725,8,CBER,,,,,
,Sanofi Pasteur Inc.,103914,"Fluzone, Fluzone Hd Quadrivalent, Fluzone High Dose, Fluzone Intradermal, Fluzone Quadrivalent",Influenza Virus Vaccine,351(a),240UG/.7ML,Injection,Intramuscular,Pre-Filled Syringe,Rx,Licensed,4-Nov-19,N/A, ,6290,Supplement,1725,9,CBER,,,,,
,Sanofi Pasteur Inc.,103914,"Fluzone, Fluzone Hd Quadrivalent, Fluzone High Dose, Fluzone Intradermal, Fluzone Quadrivalent",Influenza Virus Vaccine,351(a),45UG/.5ML,Injection,Intramuscular,Multi-Dose Vial,Rx,Licensed,4-Nov-19,N/A, ,6792,Supplement,1725,10,CBER,,,,,
,Sanofi Pasteur Inc.,103915,Yf-Vax,Yellow Fever Vaccine,351(a),23.7PFU/.5ML,For Injection,Subcutaneous,Multi-Dose Vial,Disc,Licensed,9-Dec-99, ,N/A,0,Original,1725,1,CBER,,,,,
,Sanofi Pasteur Inc.,103915,Yf-Vax,Yellow Fever Vaccine,351(a),4.74PFU/.5ML,For Injection,Subcutaneous,Single-Dose Vial,Rx,Licensed,9-Dec-99, ,N/A,0,Original,1725,2,CBER,,,,,
,Sanofi Pasteur Inc.,103919,,Diphtheria & Tetanus Toxoids Adsorbed,351(a),6.6; 5 UNITS,Injection,Intramuscular,Vial,Rx,Voluntarily Revoked,9-Dec-99, , ,0,Original,1725,1,CBER,,,,,
,Sanofi Pasteur Inc.,103921,,Tetanus and Diphtheria Toxoids Adsorbed,351(a),"2.5LF, 5LF, 2.5UG, 8UG/.5ML",Injection,Intramuscular,Pre-Filled Syringe,Rx,Voluntarily Revoked,9-Dec-99, , ,0,Original,1725,1,CBER,,,,,
,Sanofi Pasteur Inc.,103921,,Tetanus and Diphtheria Toxoids Adsorbed,351(a),"2.5LF, 5LF, 2.5UG, 8UG/.5ML",Injection,Intramuscular,Single-Dose Vial,Rx,Voluntarily Revoked,9-Dec-99, , ,0,Original,1725,2,CBER,,,,,
,Sanofi Pasteur Inc.,103922,Tripedia,Diphtheria & Tetanus Toxoids & Acellular Pertussis Vaccine Adsorbed,351(a),"6.7LF, 5LF, 46.8UG/.5ML",Injection,Intramuscular,Vial,Rx,Voluntarily Revoked,9-Dec-99, , ,0,Original,1725,1,CBER,,,,,
,Sanofi Pasteur Inc.,103923,Menomune-C,"Meningococcal Polysaccharide Vaccine, Group C",351(a),0.5ML,For Injection,Subcutaneous,Vial,Disc,Voluntarily Revoked,9-Dec-99, ,N/A,0,Original,1725,1,CBER,,,,,
,Sanofi Pasteur Inc.,103924,Menomune-A,"Meningococcal Polysaccharide Vaccine, Group A",351(a),0.5ML,For Injection,Subcutaneous,Vial,Disc,Voluntarily Revoked,9-Dec-99, ,N/A,0,Original,1725,1,CBER,,,,,
,Sanofi Pasteur Inc.,103925,Menomune-A/C,"Meningococcal Polysaccharide Vaccine, Groups A and C Combined",351(a),50UG/.5ML,For Injection,Subcutaneous,Single-Dose Vial,Disc,Voluntarily Revoked,9-Dec-99, ,N/A,0,Original,1725,1,CBER,,,,,
,Sanofi Pasteur Inc.,103925,Menomune-A/C,"Meningococcal Polysaccharide Vaccine, Groups A and C Combined",351(a),50UG/.5ML,For Injection,Subcutaneous,Multi-Dose Vial,Disc,Voluntarily Revoked,9-Dec-99, ,N/A,0,Original,1725,2,CBER,,,,,
,Sanofi Pasteur Inc.,103926,Menomune,"Meningococcal Polysaccharide Vaccine, Groups A, C, Y, and W-135 Combined",351(a),50UG/.5ML,For Injection,Subcutaneous,Vial,Disc,Voluntarily Revoked,9-Dec-99, ,N/A,0,Original,1725,1,CBER,,,,,
,"Palatin Technologies, Inc.",103928,NeutroSpec,technetium 99m tc fanolesomab,351(a),0.25MG,Injection ,Intravenous,Single-Dose Vial,Disc,Voluntarily Revoked,2-Jul-04,N/A,N/A,,,1588,1,CDER,,,,,
,Sanofi Pasteur SA,103930,Ipol,Poliovirus Vaccine Inactivated,351(a),32/40/8 DAU/.5ML,Injection,Intramuscular,Multi-Dose Vial,Rx,Licensed,4-Feb-00, ,N/A,0,Original,1724,1,CBER,,,,,
,Sanofi Pasteur SA,103930,Ipol,Poliovirus Vaccine Inactivated,351(a),32/40/8 DAU/.5ML,Injection,Subcutaneous,Multi-Dose Vial,Rx,Licensed,4-Feb-00, ,N/A,0,Original,1724,2,CBER,,,,,
,Sanofi Pasteur SA,103931,Imovax Rabies,Rabies Vaccine,351(a),2.5IU/ML,For Injection,Intramuscular,Single-Dose Vial,Rx,Licensed,4-Feb-00, ,N/A,0,Original,1724,1,CBER,,,,,
,Sanofi Pasteur SA,103932,Imogam,Rabies Immune Globulin (Human),351(a),150IU/ML,For Injection,Intramuscular,Single-Dose Vial,Disc,Voluntarily Revoked,6-Mar-01, ,N/A,5000,Supplement,1724,1,CBER,,,,,
,Sanofi Pasteur SA,103935,"Acthib,Omnihib",Haemophilus b Conjugate Vaccine (Tetanus Toxoid Conjugate),351(a),24UG,For Injection,Intramuscular,Single-Dose Vial,Rx,Licensed,4-Feb-00, ,N/A,0,Original,1724,1,CBER,,,,,
,Sanofi Pasteur SA,103936,Typhim Vi,Typhoid Vi Polysaccharide Vaccine,351(a),50UG/ML,Injection,Intramuscular,Pre-Filled Syringe,Rx,Licensed,4-Feb-00, ,N/A,0,Original,1724,1,CBER,,,,,
,Sanofi Pasteur SA,103936,Typhim Vi,Typhoid Vi Polysaccharide Vaccine,351(a),25UG/.5ML,Injection,Intramuscular,Multi-Dose Vial,Rx,Licensed,4-Feb-00, ,N/A,0,Original,1724,2,CBER,,,,,
,Sanofi Pasteur Limited,103937,,Botulism Antitoxin Bivalent (Equine) Types A and B.,351(a),5000IU,Injection,Intravenous,Vial,Rx,Voluntarily Revoked,24-Feb-00, , ,0,Original,1726,1,CBER,,,,,
,Sanofi Pasteur Limited,103940,Poliovax,Poliovirus Vaccine Inactivated (Human Diploid Cell),351(a),0.5ML,Injection,Subcutaneous,Vial,Disc,Licensed,24-Feb-00, ,N/A,0,Original,1726,1,CBER,,,,,
,Sanofi Pasteur Limited,103940,Poliovax,Poliovirus Vaccine Inactivated (Human Diploid Cell),351(a),0.5ML,Injection,Intramuscular,Vial,Disc,Licensed,24-Feb-00, ,N/A,0,Original,1726,2,CBER,,,,,
,Sanofi Pasteur Limited,103941,Tubersol,"Tuberculin, Purified Protein Derivative",351(a),5TU/.1ML,Injection,Intradermal,Multi-Dose Vial,Rx,Licensed,24-Feb-00, ,N/A,0,Original,1726,1,CBER,,,,,
,Sanofi Pasteur Limited,103942,Mycobax,BCG Vaccine,351(a),1.5MG,For Injection,Intradermal,Multi-Dose Vial,Rx,Voluntarily Revoked,24-Feb-00, , ,0,Original,1726,1,CBER,,,,,
,Sanofi Pasteur Limited,103943,TheraCys,BCG Live,351(a),81MG,For Injection,Intravesical,Vial,Rx,Voluntarily Revoked,24-Feb-00, , ,0,Original,1726,1,CBER,,,,,
,Sanofi Pasteur Limited,103944,,Diphtheria & Tetanus Toxoids Adsorbed,351(a),25/LF/5LF/0.5ML,Injection,Intramuscular,Single-Dose Vial,Disc,Voluntarily Revoked,24-Feb-00, ,N/A,0,Original,1726,1,CBER,,,,,
,"ADMA Biologics, Inc.",103945,Nabi-HB,Hepatitis B Immune Globulin (Human),351(a),312IU/ML,Injection,Intramuscular,Single-Dose Vial,Disc,Licensed,23-Oct-01, ,N/A,0,Original,2019,1,CBER,,,,,
,"ADMA Biologics, Inc.",103945,Nabi-HB,Hepatitis B Immune Globulin (Human),351(a),1560IU/5ML,Injection,Intramuscular,Single-Dose Vial,Rx,Licensed,23-Oct-01, ,N/A,0,Original,2019,2,CBER,,,,,
,Sanofi-Aventis U.S. LLC,103946,Elitek,rasburicase,351(a),1.5MG,For Injection,Intravenous,Single-Dose Vial,Rx,Licensed,12-Jul-02,N/A,N/A,,Original,1752,1,CDER,,,,,12-Jul-09
,Sanofi-Aventis U.S. LLC,103946,Elitek,rasburicase,351(a),7.5MG,For Injection,Intravenous,Single-Dose Vial,Rx,Licensed,6-Jan-06,N/A,N/A,5020,Supplement,1752,2,CDER,,,,,12-Jul-09
,Genzyme Corporation,103948,Campath ,alemtuzumab,351(a),30MG (10MG/ML),Injection ,Intravenous,Ampule,Disc,Licensed,7-May-01,N/A,N/A,,Original,1596,1,CDER,,,,,7-May-08
,Genzyme Corporation,103948,Lemtrada,alemtuzumab,351(a),12MG/1.2ML (10MG/ML),Injection ,Intravenous,Single-Dose Vial,Rx,Licensed,14-Nov-14,N/A,N/A,5139,Supplement,1596,2,CDER,,,,,7-May-08
,Genzyme Corporation,103948,Campath ,alemtuzumab,351(a),30MG/1ML,Injection,Intravenous,Single-Dose Vial,Rx,Licensed,12-Oct-04,N/A,N/A,5034,Supplement,1596,3,CDER,,,,,7-May-08
,Merck Sharp & Dohme LLC,103949,Pegintron,peginterferon alfa-2b,351(a),50MCG/0.5ML,Injection ,Subcutaneous,Single-Dose Vial,Disc,Voluntarily Revoked,19-Jan-01,N/A,N/A,,Original,2,1,CDER,,,,,
,Merck Sharp & Dohme LLC,103949,Sylatron,peginterferon alfa-2b,351(a),200MCG,For Injection,Subcutaneous,Single-Dose Vial,Disc,Voluntarily Revoked,29-Mar-11,N/A,N/A,5153,Supplement,2,2,CDER,,,,,
,Merck Sharp & Dohme LLC,103949,Sylatron,peginterferon alfa-2b,351(a),300MCG,For Injection,Subcutaneous,Single-Dose Vial,Disc,Voluntarily Revoked,29-Mar-11,N/A,N/A,5153,Supplement,2,3,CDER,,,,,
,Merck Sharp & Dohme LLC,103949,Sylatron,peginterferon alfa-2b,351(a),600MCG,For Injection,Subcutaneous,Single-Dose Vial,Disc,Voluntarily Revoked,29-Mar-11,N/A,N/A,5153,Supplement,2,4,CDER,,,,,
,Merck Sharp & Dohme LLC,103949,Pegintron,peginterferon alfa-2b,351(a),50MCG/0.5ML,Injection ,Subcutaneous,Autoinjector,Disc,Voluntarily Revoked,19-Jan-01,N/A,N/A,,Original,2,5,CDER,,,,,
,Merck Sharp & Dohme LLC,103949,Pegintron,peginterferon alfa-2b,351(a),80MCG/0.5ML,Injection ,Subcutaneous,Autoinjector,Disc,Voluntarily Revoked,19-Jan-01,N/A,N/A,,Original,2,6,CDER,,,,,
,Merck Sharp & Dohme LLC,103949,Pegintron,peginterferon alfa-2b,351(a),80MCG/0.5ML,Injection ,Subcutaneous,Single-Dose Vial,Disc,Voluntarily Revoked,19-Jan-01,N/A,N/A,,Original,2,7,CDER,,,,,
,Merck Sharp & Dohme LLC,103949,Pegintron,peginterferon alfa-2b,351(a),"
120MCG/0.5ML",Injection ,Subcutaneous,Autoinjector,Disc,Voluntarily Revoked,19-Jan-01,N/A,N/A,,Original,2,8,CDER,,,,,
,Merck Sharp & Dohme LLC,103949,Pegintron,peginterferon alfa-2b,351(a),120MCG/0.5ML,Injection ,Subcutaneous,Single-Dose Vial,Disc,Voluntarily Revoked,19-Jan-01,N/A,N/A,,Original,2,9,CDER,,,,,
,Merck Sharp & Dohme LLC,103949,Pegintron,peginterferon alfa-2b,351(a),"
150MCG/0.5ML",Injection ,Subcutaneous,Autoinjector,Disc,Voluntarily Revoked,19-Jan-01,N/A,N/A,,Original,2,10,CDER,,,,,
,Merck Sharp & Dohme LLC,103949,Pegintron,peginterferon alfa-2b,351(a),"
150MCG/0.5ML",Injection ,Subcutaneous,Single-Dose Vial,Disc,Voluntarily Revoked,19-Jan-01,N/A,N/A,,Original,2,11,CDER,,,,,
,Swedish Orphan Biovitrum AB (publ),103950,Kineret,anakinra,351(a),100MG/0.67ML,Injection ,Subcutaneous,Pre-Filled Syringe,Rx,Licensed,14-Nov-01,N/A,N/A,,Original,1859,1,CDER,,,,,18-Dec-27
,Amgen Inc.,103951,Aranesp,darbepoetin alpha,351(a),25MCG/1ML,Injection ,"Intravenous, Subcutaneous ",Single-Dose Vial,Rx,Licensed,17-Sep-01,N/A,N/A,,Original,1080,1,CDER,,,,,
,Amgen Inc.,103951,Aranesp,darbepoetin alpha,351(a),40MCG/1ML,Injection ,"Intravenous, Subcutaneous ",Single-Dose Vial,Rx,Licensed,17-Sep-01,N/A,N/A,,Original,1080,2,CDER,,,,,
,Amgen Inc.,103951,Aranesp,darbepoetin alpha,351(a),60MCG/1ML,Injection ,"Intravenous, Subcutaneous ",Single-Dose Vial,Rx,Licensed,17-Sep-01,N/A,N/A,,Original,1080,3,CDER,,,,,
,Amgen Inc.,103951,Aranesp,darbepoetin alpha,351(a),100MCG/1ML,Injection ,"Intravenous, Subcutaneous ",Single-Dose Vial,Rx,Licensed,17-Sep-01,N/A,N/A,,Original,1080,4,CDER,,,,,
,Amgen Inc.,103951,Aranesp,darbepoetin alpha,351(a),200MCG/1ML,Injection ,"Intravenous, Subcutaneous ",Single-Dose Vial,Rx,Licensed,17-Sep-01,N/A,N/A,,Original,1080,5,CDER,,,,,
,Amgen Inc.,103951,Aranesp,darbepoetin alpha,351(a),25MCG/1ML,Injection ,"Intravenous, Subcutaneous ",Single-Dose Vial,Disc,Licensed,17-Sep-01,N/A,N/A,,Original,1080,6,CDER,,,,,
,Amgen Inc.,103951,Aranesp,darbepoetin alpha,351(a),40MCG/1ML,Injection ,"Intravenous, Subcutaneous ",Single-Dose Vial,Disc,Licensed,17-Sep-01,N/A,N/A,,Original,1080,7,CDER,,,,,
,Amgen Inc.,103951,Aranesp,darbepoetin alpha,351(a),60MCG/1ML,Injection ,"Intravenous, Subcutaneous ",Single-Dose Vial,Disc,Licensed,17-Sep-01,N/A,N/A,,Original,1080,8,CDER,,,,,
,Amgen Inc.,103951,Aranesp,darbepoetin alpha,351(a),100MCG/1ML,Injection ,"Intravenous, Subcutaneous ",Single-Dose Vial,Disc,Licensed,17-Sep-01,N/A,N/A,,Original,1080,9,CDER,,,,,
,Amgen Inc.,103951,Aranesp,darbepoetin alpha,351(a),200MCG/1ML,Injection ,"Intravenous, Subcutaneous ",Single-Dose Vial,Disc,Licensed,17-Sep-01,N/A,N/A,,Original,1080,10,CDER,,,,,
,Amgen Inc.,103951,Aranesp,darbepoetin alpha,351(a),150MCG/0.75ML,Injection ,"Intravenous, Subcutaneous ",Single-Dose Vial,Disc,Licensed,19-Jul-02,N/A,N/A,5001,Supplement,1080,11,CDER,,,,,
,Amgen Inc.,103951,Aranesp,darbepoetin alpha,351(a),300MCG/1ML,Injection ,"Intravenous, Subcutaneous ",Single-Dose Vial,Disc,Licensed,19-Jul-02,N/A,N/A,5001,Supplement,1080,12,CDER,,,,,
,Amgen Inc.,103951,Aranesp,darbepoetin alpha,351(a),500MCG/1ML,Injection ,"Intravenous, Subcutaneous ",Single-Dose Vial,Disc,Licensed,19-Jul-02,N/A,N/A,5001,Supplement,1080,13,CDER,,,,,
,Amgen Inc.,103951,Aranesp,darbepoetin alpha,351(a),60MCG/0.3ML,Injection ,"Intravenous, Subcutaneous ",Pre-Filled Syringe,Disc,Licensed,17-Dec-02,N/A,N/A,5022,Supplement,1080,14,CDER,,,,,
,Amgen Inc.,103951,Aranesp,darbepoetin alpha,351(a),100MCG/0.5ML,Injection ,"Intravenous, Subcutaneous ",Pre-Filled Syringe,Disc,Licensed,17-Dec-02,N/A,N/A,5022,Supplement,1080,15,CDER,,,,,
,Amgen Inc.,103951,Aranesp,darbepoetin alpha,351(a),150MCG/0.3ML,Injection ,"Intravenous, Subcutaneous ",Pre-Filled Syringe,Disc,Licensed,17-Dec-02,N/A,N/A,5022,Supplement,1080,16,CDER,,,,,
,Amgen Inc.,103951,Aranesp,darbepoetin alpha,351(a),200MCG/0.4ML,Injection ,"Intravenous, Subcutaneous ",Pre-Filled Syringe,Disc,Licensed,17-Dec-02,N/A,N/A,5022,Supplement,1080,17,CDER,,,,,
,Amgen Inc.,103951,Aranesp,darbepoetin alpha,351(a),300MCG/0.6ML,Injection ,"Intravenous, Subcutaneous ",Pre-Filled Syringe,Disc,Licensed,17-Dec-02,N/A,N/A,5022,Supplement,1080,18,CDER,,,,,
,Amgen Inc.,103951,Aranesp,darbepoetin alpha,351(a),500MCG/1ML,Injection ,"Intravenous, Subcutaneous ",Pre-Filled Syringe,Disc,Licensed,17-Dec-02,N/A,N/A,5022,Supplement,1080,19,CDER,,,,,
,Amgen Inc.,103951,Aranesp,darbepoetin alpha,351(a),25MCG/0.42ML,Injection ,"Intravenous, Subcutaneous ",Pre-Filled Syringe,Disc,Licensed,12-Dec-03,N/A,N/A,5055,Supplement,1080,20,CDER,,,,,
,Amgen Inc.,103951,Aranesp,darbepoetin alpha,351(a),25MCG/0.42ML,Injection ,"Intravenous, Subcutaneous ",Pre-Filled Syringe,Rx,Licensed,12-Dec-03,N/A,N/A,5055,Supplement,1080,21,CDER,,,,,
,Amgen Inc.,103951,Aranesp,darbepoetin alpha,351(a),40MCG/0.4ML,Injection ,"Intravenous, Subcutaneous ",Pre-Filled Syringe,Disc,Licensed,12-Dec-03,N/A,N/A,5055,Supplement,1080,22,CDER,,,,,
,Amgen Inc.,103951,Aranesp,darbepoetin alpha,351(a),40MCG/0.4ML,Injection ,"Intravenous, Subcutaneous ",Pre-Filled Syringe,Rx,Licensed,12-Dec-03,N/A,N/A,5055,Supplement,1080,23,CDER,,,,,
,Amgen Inc.,103951,Aranesp,darbepoetin alpha,351(a),60MCG/0.3ML,Injection ,"Intravenous, Subcutaneous ",Pre-Filled Syringe,Rx,Licensed,12-Dec-03,N/A,N/A,5055,Supplement,1080,24,CDER,,,,,
,Amgen Inc.,103951,Aranesp,darbepoetin alpha,351(a),100MCG/0.5ML,Injection ,"Intravenous, Subcutaneous ",Pre-Filled Syringe,Rx,Licensed,12-Dec-03,N/A,N/A,5055,Supplement,1080,25,CDER,,,,,
,Amgen Inc.,103951,Aranesp,darbepoetin alpha,351(a),150MCG/0.3ML,Injection ,"Intravenous, Subcutaneous ",Pre-Filled Syringe,Rx,Licensed,12-Dec-03,N/A,N/A,5055,Supplement,1080,26,CDER,,,,,
,Amgen Inc.,103951,Aranesp,darbepoetin alpha,351(a),200MCG/0.4ML,Injection ,"Intravenous, Subcutaneous ",Pre-Filled Syringe,Rx,Licensed,12-Dec-03,N/A,N/A,5055,Supplement,1080,27,CDER,,,,,
,Amgen Inc.,103951,Aranesp,darbepoetin alpha,351(a),300MCG/0.6ML,Injection ,"Intravenous, Subcutaneous ",Pre-Filled Syringe,Rx,Licensed,12-Dec-03,N/A,N/A,5055,Supplement,1080,28,CDER,,,,,
,Amgen Inc.,103951,Aranesp,darbepoetin alpha,351(a),500MCG/1ML,Injection ,"Intravenous, Subcutaneous ",Pre-Filled Syringe,Rx,Licensed,12-Dec-03,N/A,N/A,5055,Supplement,1080,29,CDER,,,,,
,Amgen Inc.,103951,Aranesp,darbepoetin alpha,351(a),150MCG/0.75ML,Injection ,"Intravenous, Subcutaneous ",Single-Dose Vial,Disc,Licensed,12-Dec-03,N/A,N/A,5055,Supplement,1080,30,CDER,,,,,
,Amgen Inc.,103951,Aranesp,darbepoetin alpha,351(a),300MCG/1ML,Injection ,"Intravenous, Subcutaneous ",Single-Dose Vial,Disc,Licensed,12-Dec-03,N/A,N/A,5055,Supplement,1080,31,CDER,,,,,
,Amgen Inc.,103951,Aranesp,darbepoetin alpha,351(a),500MCG/1ML,Injection ,"Intravenous, Subcutaneous ",Single-Dose Vial,Disc,Licensed,12-Dec-03,N/A,N/A,5055,Supplement,1080,32,CDER,,,,,
,Amgen Inc.,103951,Aranesp,darbepoetin alpha,351(a),25MCG/0.42ML,Injection ,"Intravenous, Subcutaneous ",Autoinjector,Disc,Licensed,29-Jun-06,N/A,N/A,5113,Supplement,1080,33,CDER,,,,,
,Amgen Inc.,103951,Aranesp,darbepoetin alpha,351(a),40MCG/0.4ML,Injection ,"Intravenous, Subcutaneous ",Autoinjector,Disc,Licensed,29-Jun-06,N/A,N/A,5113,Supplement,1080,34,CDER,,,,,
,Amgen Inc.,103951,Aranesp,darbepoetin alpha,351(a),60MCG/0.3ML,Injection ,"Intravenous, Subcutaneous ",Autoinjector,Disc,Licensed,29-Jun-06,N/A,N/A,5113,Supplement,1080,35,CDER,,,,,
,Amgen Inc.,103951,Aranesp,darbepoetin alpha,351(a),100MCG/0.5ML,Injection ,"Intravenous, Subcutaneous ",Autoinjector,Disc,Licensed,29-Jun-06,N/A,N/A,5113,Supplement,1080,36,CDER,,,,,
,Amgen Inc.,103951,Aranesp,darbepoetin alpha,351(a),150MCG/0.3ML,Injection ,"Intravenous, Subcutaneous ",Autoinjector,Disc,Licensed,29-Jun-06,N/A,N/A,5113,Supplement,1080,37,CDER,,,,,
,Amgen Inc.,103951,Aranesp,darbepoetin alpha,351(a),200MCG/0.4ML,Injection ,"Intravenous, Subcutaneous ",Autoinjector,Disc,Licensed,29-Jun-06,N/A,N/A,5113,Supplement,1080,38,CDER,,,,,
,Amgen Inc.,103951,Aranesp,darbepoetin alpha,351(a),300MCG/0.6ML,Injection ,"Intravenous, Subcutaneous ",Autoinjector,Disc,Licensed,29-Jun-06,N/A,N/A,5113,Supplement,1080,39,CDER,,,,,
,Amgen Inc.,103951,Aranesp,darbepoetin alpha,351(a),500MCG/1ML,Injection ,"Intravenous, Subcutaneous ",Autoinjector,Disc,Licensed,29-Jun-06,N/A,N/A,5113,Supplement,1080,40,CDER,,,,,
,Amgen Inc.,103951,Aranesp,darbepoetin alpha,351(a),25MCG/0.42ML,Injection ,"Intravenous, Subcutaneous ",Autoinjector,Disc,Licensed,29-Jun-06,N/A,N/A,5113,Supplement,1080,41,CDER,,,,,
,Amgen Inc.,103951,Aranesp,darbepoetin alpha,351(a),40MCG/0.4ML,Injection ,"Intravenous, Subcutaneous ",Autoinjector,Disc,Licensed,29-Jun-06,N/A,N/A,5113,Supplement,1080,42,CDER,,,,,
,Amgen Inc.,103951,Aranesp,darbepoetin alpha,351(a),60MCG/0.3ML,Injection ,"Intravenous, Subcutaneous ",Autoinjector,Disc,Licensed,29-Jun-06,N/A,N/A,5113,Supplement,1080,43,CDER,,,,,
,Amgen Inc.,103951,Aranesp,darbepoetin alpha,351(a),100MCG/0.5ML,Injection ,"Intravenous, Subcutaneous ",Autoinjector,Disc,Licensed,29-Jun-06,N/A,N/A,5113,Supplement,1080,44,CDER,,,,,
,Amgen Inc.,103951,Aranesp,darbepoetin alpha,351(a),150MCG/0.3ML,Injection ,"Intravenous, Subcutaneous ",Autoinjector,Disc,Licensed,29-Jun-06,N/A,N/A,5113,Supplement,1080,45,CDER,,,,,
,Amgen Inc.,103951,Aranesp,darbepoetin alpha,351(a),200MCG/0.4ML,Injection ,"Intravenous, Subcutaneous ",Autoinjector,Disc,Licensed,29-Jun-06,N/A,N/A,5113,Supplement,1080,46,CDER,,,,,
,Amgen Inc.,103951,Aranesp,darbepoetin alpha,351(a),300MCG/0.6ML,Injection ,"Intravenous, Subcutaneous ",Autoinjector,Disc,Licensed,29-Jun-06,N/A,N/A,5113,Supplement,1080,47,CDER,,,,,
,Amgen Inc.,103951,Aranesp,darbepoetin alpha,351(a),500MCG/1ML,Injection ,"Intravenous, Subcutaneous ",Autoinjector,Disc,Licensed,29-Jun-06,N/A,N/A,5113,Supplement,1080,48,CDER,,,,,
,Amgen Inc.,103951,Aranesp,darbepoetin alpha,351(a),10MCG/0.4ML,Injection ,"Intravenous, Subcutaneous ",Pre-Filled Syringe,Rx,Licensed,,N/A,N/A,,Supplement,1080,49,CDER,,,,,
,CSL Behring LLC,103953,"Monoclate, Monoclate-P",Antihemophilic Factor (Human),351(a),500IU,For Injection,Intravenous,Vial,Disc,Voluntarily Revoked,14-May-03, ,N/A,1000,Supplement,1767,1,CBER,,,,,
,CSL Behring LLC,103953,"Monoclate, Monoclate-P",Antihemophilic Factor (Human),351(a),1000IU,For Injection,Intravenous,Vial,Disc,Voluntarily Revoked,14-May-03, ,N/A,1000,Supplement,1767,2,CBER,,,,,
,CSL Behring LLC,103953,"Monoclate, Monoclate-P",Antihemophilic Factor (Human),351(a),250IU,For Injection,Intravenous,Vial,Disc,Voluntarily Revoked,14-May-03, ,N/A,1000,Supplement,1767,3,CBER,,,,,
,CSL Behring LLC,103953,"Monoclate, Monoclate-P",Antihemophilic Factor (Human),351(a),1500IU,For Injection,Intravenous,Vial,Disc,Voluntarily Revoked,4-Mar-04, ,N/A,5074,Supplement,1767,4,CBER,,,,,
,CSL Behring LLC,103955,"Albuminar, Albuminar-20, Albuminar-25, Albuminar-5",Albumin (Human),351(a),10G/50ML,Injection,Intravenous,Single-Dose Vial,Disc,Voluntarily Revoked,17-Mar-00, ,N/A,0,Original,1767,1,CBER,,,,,
,CSL Behring LLC,103955,"Albuminar, Albuminar-20, Albuminar-25, Albuminar-5",Albumin (Human),351(a),20G/100ML,Injection,Intravenous,Single-Dose Vial,Disc,Voluntarily Revoked,17-Mar-00, ,N/A,0,Original,1767,2,CBER,,,,,
,CSL Behring LLC,103955,"Albuminar, Albuminar-20, Albuminar-25, Albuminar-5",Albumin (Human),351(a),25G/100ML,Injection,Intravenous,Single-Dose Vial,Disc,Voluntarily Revoked,17-Jul-00, ,N/A,0,Original,1767,3,CBER,,,,,
,CSL Behring LLC,103955,"Albuminar, Albuminar-20, Albuminar-25, Albuminar-5",Albumin (Human),351(a),5G/20ML,Injection,Intravenous,Single-Dose Vial,Disc,Voluntarily Revoked,17-Mar-00, ,N/A,0,Original,1767,4,CBER,,,,,
,CSL Behring LLC,103955,"Albuminar, Albuminar-20, Albuminar-25, Albuminar-5",Albumin (Human),351(a),2.5G/50ML,Injection,Intravenous,Single-Dose Vial,Disc,Voluntarily Revoked,17-Mar-00, ,N/A,0,Original,1767,5,CBER,,,,,
,CSL Behring LLC,103955,"Albuminar, Albuminar-20, Albuminar-25, Albuminar-5",Albumin (Human),351(a),12.5G/50ML,Injection,Intravenous,Single-Dose Vial,Disc,Voluntarily Revoked,17-Jul-00, ,N/A,0,Original,1767,6,CBER,,,,,
,CSL Behring LLC,103955,"Albuminar, Albuminar-20, Albuminar-25, Albuminar-5",Albumin (Human),351(a),12.5G/250ML,Injection,Intravenous,Single-Dose Vial,Disc,Voluntarily Revoked,17-Jul-00, ,N/A,0,Original,1767,7,CBER,,,,,
,CSL Behring LLC,103955,"Albuminar, Albuminar-20, Albuminar-25, Albuminar-5",Albumin (Human),351(a),25G/500ML,Injection,Intravenous,Single-Dose Vial,Disc,Voluntarily Revoked,17-Jul-00, ,N/A,0,Original,1767,8,CBER,,,,,
,CSL Behring LLC,103956,"gammar i.v.,gammar-p i.v.",Immune Globulin Intravenous (Human),351(a),10G,For Injection,Intravenous,Vial,Disc,Voluntarily Revoked,17-Mar-00, , ,0,Original,1767,1,CBER,,,,,
,CSL Behring LLC,103956,"gammar i.v.,gammar-p i.v.",Immune Globulin Intravenous (Human),351(a),5G,For Injection,Intravenous,Vial,Disc,Voluntarily Revoked,17-Mar-00, , ,0,Original,1767,2,CBER,,,,,
,CSL Behring LLC,103956,"gammar i.v.,gammar-p i.v.",Immune Globulin Intravenous (Human),351(a),2.5G,For Injection,Intravenous,Vial,Disc,Voluntarily Revoked,17-Mar-00, , ,0,Original,1767,3,CBER,,,,,
,CSL Behring LLC,103956,"gammar i.v.,gammar-p i.v.",Immune Globulin Intravenous (Human),351(a),1G,For Injection,Intravenous,Vial,Disc,Voluntarily Revoked,17-Mar-00, , ,0,Original,1767,4,CBER,,,,,
,CSL Behring LLC,103957,Mononine,Coagulation Factor IX (Human),351(a),1000IU,For Injection,Intravenous,Single-Dose Vial,Disc,Voluntarily Revoked,17-Mar-00, ,N/A,0,Original,1767,1,CBER,,,,,20-Aug-99
,CSL Behring LLC,103957,Mononine,Coagulation Factor IX (Human),351(a),500IU,For Injection,Intravenous,Single-Dose Vial,Disc,Voluntarily Revoked,17-Mar-00, ,N/A,0,Original,1767,2,CBER,,,,,20-Aug-99
,CSL Behring GmbH,103960,Humate-P,Antihemophilic Factor/von Willebrand Factor Complex (Human),351(a),1000IU,For Injection,Intravenous,Single-Dose Vial,Rx,Licensed,11-Apr-00, ,N/A,0,Original,1765,1,CBER,,,,,1-Apr-06
,CSL Behring GmbH,103960,Humate-P,Antihemophilic Factor/von Willebrand Factor Complex (Human),351(a),250IU,For Injection,Intravenous,Single-Dose Vial,Rx,Licensed,11-Apr-00, ,N/A,0,Original,1765,2,CBER,,,,,1-Apr-06
,CSL Behring GmbH,103960,Humate-P,Antihemophilic Factor/von Willebrand Factor Complex (Human),351(a),500IU,For Injection,Intravenous,Single-Dose Vial,Rx,Licensed,11-Apr-00, ,N/A,0,Original,1765,3,CBER,,,,,1-Apr-06
,pharmaand GmbH,103964,Pegasys,peginterferon alfa-2a,351(a),180MCG/ML,Injection ,Subcutaneous,Single-Dose Vial,Rx,Licensed,16-Oct-02,N/A,N/A,,Original,2291,1,CDER,,,,,
,pharmaand GmbH,103964,Pegasys,peginterferon alfa-2a,351(a),180MCG/0.5ML,Injection ,Subcutaneous,Pre-Filled Syringe,Rx,Licensed,7-Jan-04,N/A,N/A,5011,Supplement,2291,2,CDER,,,,,
,pharmaand GmbH,103964,Pegasys,peginterferon alfa-2a,351(a),180MCG/0.5ML,Injection ,Subcutaneous,Autoinjector,Disc,Licensed,29-Sep-11,N/A,N/A,5204,Supplement,2291,3,CDER,,,,,
,pharmaand GmbH,103964,Pegasys,peginterferon alfa-2a,351(a),135MCG/0.5ML,Injection ,Subcutaneous,Autoinjector,Disc,Licensed,29-Sep-11,N/A,N/A,5204,Supplement,2291,4,CDER,,,,,